Nat,Pokemon,HP,Atk,Def,SpA,SpD,Spe,Total,TYPE I,TYPE II,Ability I,Ability II,Hidden Ability
1,Bulbasaur,45,49,49,65,65,45,318,GRASS,POISON,Overgrow,,Chlorophyll
2,Ivysaur,60,62,63,80,80,60,405,GRASS,POISON,Overgrow,,Chlorophyll
3,Venusaur,80,82,83,100,100,80,525,GRASS,POISON,Overgrow,,Chlorophyll
4,Charmander,39,52,43,60,50,65,309,FIRE,,Blaze,,Solar Power
5,Charmeleon,58,64,58,80,65,80,405,FIRE,,Blaze,,Solar Power
6,Charizard,78,84,78,109,85,100,534,FIRE,FLYING,Blaze,,Solar Power
7,Squirtle,44,48,65,50,64,43,314,WATER,,Torrent,,Rain Dish
8,Wartortle,59,63,80,65,80,58,405,WATER,,Torrent,,Rain Dish
9,Blastoise,79,83,100,85,105,78,530,WATER,,Torrent,,Rain Dish
10,Caterpie,45,30,35,20,20,45,195,BUG,,Shield Dust,,Run Away
11,Metapod,50,20,55,25,25,30,205,BUG,,Shed Skin,,
12,Butterfree,60,45,50,90,80,70,395,BUG,FLYING,Compoundeyes,,Tinted Lens
13,Weedle,40,35,30,20,20,50,195,BUG,POISON,Shield Dust,,Run Away
14,Kakuna,45,25,50,25,25,35,205,BUG,POISON,Shed Skin,,
15,Beedrill,65,90,40,45,80,75,395,BUG,POISON,Swarm,,Sniper
16,Pidgey,40,45,40,35,35,56,251,NORMAL,FLYING,Keen Eye,Tangled Feet,Big Pecks
17,Pidgeotto,63,60,55,50,50,71,349,NORMAL,FLYING,Keen Eye,Tangled Feet,Big Pecks
18,Pidgeot,83,80,75,70,70,101,479,NORMAL,FLYING,Keen Eye,Tangled Feet,Big Pecks
19,Rattata,30,56,35,25,35,72,253,NORMAL,,Run Away,Guts,Hustle
20,Raticate,55,81,60,50,70,97,413,NORMAL,,Run Away,Guts,Hustle
21,Spearow,40,60,30,31,31,70,262,NORMAL,FLYING,Keen Eye,,Sniper
22,Fearow,65,90,65,61,61,100,442,NORMAL,FLYING,Keen Eye,,Sniper
23,Ekans,35,60,44,40,54,55,288,POISON,,Intimidate,Shed Skin,Unnerve
24,Arbok,60,95,69,65,79,80,448,POISON,,Intimidate,Shed Skin,Unnerve
25,Pikachu,35,55,40,50,50,90,320,ELECTRIC,,Static,,Lightningrod
26,Raichu,60,90,55,90,80,110,485,ELECTRIC,,Static,,Lightningrod
27,Sandshrew,50,75,85,20,30,40,300,GROUND,,Sand Veil,,Sand Rush
28,Sandslash,75,100,110,45,55,65,450,GROUND,,Sand Veil,,Sand Rush
29,Nidoran ÅEÅEÄ,55,47,52,40,40,41,275,POISON,,Poison Point,Rivalry,Hustle
30,Nidorina,70,62,67,55,55,56,365,POISON,,Poison Point,Rivalry,Hustle
31,Nidoqueen,90,92,87,75,85,76,505,POISON,GROUND,Poison Point,Rivalry,Sheer Force
32,Nidoran ÅEÅEÅE,46,57,40,40,40,50,273,POISON,,Poison Point,Rivalry,Hustle
33,Nidorino,61,72,57,55,55,65,365,POISON,,Poison Point,Rivalry,Hustle
34,Nidoking,81,102,77,85,75,85,505,POISON,GROUND,Poison Point,Rivalry,Sheer Force
35,Clefairy,70,45,48,60,65,35,323,FAIRY,,Cute Charm,Magic Guard,Friend Guard
36,Clefable,95,70,73,95,90,60,483,FAIRY,,Cute Charm,Magic Guard,Unaware
37,Vulpix,38,41,40,50,65,65,299,FIRE,,Flash Fire,,Drought
38,Ninetales,73,76,75,81,100,100,505,FIRE,,Flash Fire,,Drought
39,Jigglypuff,115,45,20,45,25,20,270,NORMAL,FAIRY,Cute Charm,,Friend Guard
40,Wigglytuff,140,70,45,85,50,45,435,NORMAL,FAIRY,Cute Charm,,Frisk
41,Zubat,40,45,35,30,40,55,245,POISON,FLYING,Inner Focus,,Infiltrator
42,Golbat,75,80,70,65,75,90,455,POISON,FLYING,Inner Focus,,Infiltrator
43,Oddish,45,50,55,75,65,30,320,GRASS,POISON,Chlorophyll,,Run Away
44,Gloom,60,65,70,85,75,40,395,GRASS,POISON,Chlorophyll,,Stench
45,Vileplume,75,80,85,110,90,50,490,GRASS,POISON,Chlorophyll,,Effect Spore
46,Paras,35,70,55,45,55,25,285,BUG,GRASS,Effect Spore,Dry Skin,Damp
47,Parasect,60,95,80,60,80,30,405,BUG,GRASS,Effect Spore,Dry Skin,Damp
48,Venonat,60,55,50,40,55,45,305,BUG,POISON,Compoundeyes,Tinted Lens,Run Away
49,Venomoth,70,65,60,90,75,90,450,BUG,POISON,Shield Dust,Tinted Lens,Wonderskin
50,Diglett,10,55,25,35,45,95,265,GROUND,,Sand Veil,Arena Trap,Sand Force
51,Dugtrio,35,100,50,50,70,120,425,GROUND,,Sand Veil,Arena Trap,Sand Force
52,Meowth,40,45,35,40,40,90,290,NORMAL,,Pickup,Technician,Unnerve
53,Persian,65,70,60,65,65,115,440,NORMAL,,Limber,Technician,Unnerve
54,Psyduck,50,52,48,65,50,55,320,WATER,,Damp,Cloud Nine,Swift Swim
55,Golduck,80,82,78,95,80,85,500,WATER,,Damp,Cloud Nine,Swift Swim
56,Mankey,40,80,35,35,45,70,305,FIGHTING,,Vital Spirit,Anger Point,Defiant
57,Primeape,65,105,60,60,70,95,455,FIGHTING,,Vital Spirit,Anger Point,Defiant
58,Growlithe,55,70,45,70,50,60,350,FIRE,,Intimidate,Flash Fire,Justified
59,Arcanine,90,110,80,100,80,95,555,FIRE,,Intimidate,Flash Fire,Justified
60,Poliwag,40,50,40,40,40,90,300,WATER,,Water Absorb,Damp,Swift Swim
61,Poliwhirl,65,65,65,50,50,90,385,WATER,,Water Absorb,Damp,Swift Swim
62,Poliwrath,90,95,95,70,90,70,510,WATER,FIGHTING,Water Absorb,Damp,Swift Swim
63,Abra,25,20,15,105,55,90,310,PSYCHIC,,Synchronize,Inner Focus,Magic Guard
64,Kadabra,40,35,30,120,70,105,400,PSYCHIC,,Synchronize,Inner Focus,Magic Guard
65,Alakazam,55,50,45,135,95,120,500,PSYCHIC,,Synchronize,Inner Focus,Magic Guard
66,Machop,70,80,50,35,35,35,305,FIGHTING,,Guts,No Guard,Steadfast
67,Machoke,80,100,70,50,60,45,405,FIGHTING,,Guts,No Guard,Steadfast
68,Machamp,90,130,80,65,85,55,505,FIGHTING,,Guts,No Guard,Steadfast
69,Bellsprout,50,75,35,70,30,40,300,GRASS,POISON,Chlorophyll,,Gluttony
70,Weepinbell,65,90,50,85,45,55,390,GRASS,POISON,Chlorophyll,,Gluttony
71,Victreebel,80,105,65,100,70,70,490,GRASS,POISON,Chlorophyll,,Gluttony
72,Tentacool,40,40,35,50,100,70,335,WATER,POISON,Clear Body,Liquid Ooze,Rain Dish
73,Tentacruel,80,70,65,80,120,100,515,WATER,POISON,Clear Body,Liquid Ooze,Rain Dish
74,Geodude,40,80,100,30,30,20,300,ROCK,GROUND,Rock Head,Sturdy,Sand Veil
75,Graveler,55,95,115,45,45,35,390,ROCK,GROUND,Rock Head,Sturdy,Sand Veil
76,Golem,80,120,130,55,65,45,495,ROCK,GROUND,Rock Head,Sturdy,Sand Veil
77,Ponyta,50,85,55,65,65,90,410,FIRE,,Run Away,Flash Fire,Flame Body
78,Rapidash,65,100,70,80,80,105,500,FIRE,,Run Away,Flash Fire,Flame Body
79,Slowpoke,90,65,65,40,40,15,315,WATER,PSYCHIC,Oblivious,Own Tempo,Regenerator
80,Slowbro,95,75,110,100,80,30,490,WATER,PSYCHIC,Oblivious,Own Tempo,Regenerator
81,Magnemite,25,35,70,95,55,45,325,ELECTRIC,STEEL,Magnet Pull,Sturdy,Analytic
82,Magneton,50,60,95,120,70,70,465,ELECTRIC,STEEL,Magnet Pull,Sturdy,Analytic
83,Farfetch'd,52,90,55,58,62,60,377,NORMAL,FLYING,Keen Eye,Inner Focus,Defiant
84,Doduo,35,85,45,35,35,75,310,NORMAL,FLYING,Run Away,Early Bird,Tangled Feet
85,Dodrio,60,110,70,60,60,110,470,NORMAL,FLYING,Run Away,Early Bird,Tangled Feet
86,Seel,65,45,55,45,70,45,325,WATER,,Thick Fat,Hydration,Ice Body
87,Dewgong,90,70,80,70,95,70,475,WATER,ICE,Thick Fat,Hydration,Ice Body
88,Grimer,80,80,50,40,50,25,325,POISON,,Stench,Sticky Hold,Poison Touch
89,Muk,105,105,75,65,100,50,500,POISON,,Stench,Sticky Hold,Poison Touch
90,Shellder,30,65,100,45,25,40,305,WATER,,Shell Armor,Skill Link,Overcoat
91,Cloyster,50,95,180,85,45,70,525,WATER,ICE,Shell Armor,Skill Link,Overcoat
92,Gastly,30,35,30,100,35,80,310,GHOST,POISON,Levitate,,
93,Haunter,45,50,45,115,55,95,405,GHOST,POISON,Levitate,,
94,Gengar,60,65,60,130,75,110,500,GHOST,POISON,Cursed Body,,
95,Onix,35,45,160,30,45,70,385,ROCK,GROUND,Rock Head,Sturdy,Weak Armor
96,Drowzee,60,48,45,43,90,42,328,PSYCHIC,,Insomnia,Forewarn,Inner Focus
97,Hypno,85,73,70,73,115,67,483,PSYCHIC,,Insomnia,Forewarn,Inner Focus
98,Krabby,30,105,90,25,25,50,325,WATER,,Hyper Cutter,Shell Armor,Sheer Force
99,Kingler,55,130,115,50,50,75,475,WATER,,Hyper Cutter,Shell Armor,Sheer Force
100,Voltorb,40,30,50,55,55,100,330,ELECTRIC,,Soundproof,Static,Aftermath
101,Electrode,60,50,70,80,80,150,490,ELECTRIC,,Soundproof,Static,Aftermath
102,Exeggcute,60,40,80,60,45,40,325,GRASS,PSYCHIC,Chlorophyll,,Harvest
103,Exeggutor,95,95,85,125,75,55,530,GRASS,PSYCHIC,Chlorophyll,,Harvest
104,Cubone,50,50,95,40,50,35,320,GROUND,,Rock Head,Lightningrod,Battle Armor
105,Marowak,60,80,110,50,80,45,425,GROUND,,Rock Head,Lightningrod,Battle Armor
106,Hitmonlee,50,120,53,35,110,87,455,FIGHTING,,Limber,Reckless,Unburden
107,Hitmonchan,50,105,79,35,110,76,455,FIGHTING,,Keen Eye,Iron Fist,Inner Focus
108,Lickitung,90,55,75,60,75,30,385,NORMAL,,Own Tempo,Oblivious,Cloud Nine
109,Koffing,40,65,95,60,45,35,340,POISON,,Levitate,Neutralizing Gas,Stench
110,Weezing,65,90,120,85,70,60,490,POISON,,Levitate,Neutralizing Gas,Stench
111,Rhyhorn,80,85,95,30,30,25,345,GROUND,ROCK,Lightningrod,Rock Head,Reckless
112,Rhydon,105,130,120,45,45,40,485,GROUND,ROCK,Lightningrod,Rock Head,Reckless
113,Chansey,250,5,5,35,105,50,450,NORMAL,,Natural Cure,Serene Grace,Healer
114,Tangela,65,55,115,100,40,60,435,GRASS,,Chlorophyll,Leaf Guard,Regenerator
115,Kangaskhan,105,95,80,40,80,90,490,NORMAL,,Early Bird,Scrappy,Inner Focus
116,Horsea,30,40,70,70,25,60,295,WATER,,Swift Swim,Sniper,Damp
117,Seadra,55,65,95,95,45,85,440,WATER,,Poison Point,Sniper,Damp
118,Goldeen,45,67,60,35,50,63,320,WATER,,Swift Swim,Water Veil,Lightningrod
119,Seaking,80,92,65,65,80,68,450,WATER,,Swift Swim,Water Veil,Lightningrod
120,Staryu,30,45,55,70,55,85,340,WATER,,Illuminate,Natural Cure,Analytic
121,Starmie,60,75,85,100,85,115,520,WATER,PSYCHIC,Illuminate,Natural Cure,Analytic
122,Mr. Mime,40,45,65,100,120,90,460,PSYCHIC,FAIRY,Soundproof,Filter,Technician
123,Scyther,70,110,80,55,80,105,500,BUG,FLYING,Swarm,Technician,Steadfast
124,Jynx,65,50,35,115,95,95,455,ICE,PSYCHIC,Oblivious,Forewarn,Dry Skin
125,Electabuzz,65,83,57,95,85,105,490,ELECTRIC,,Static,,Vital Spirit
126,Magmar,65,95,57,100,85,93,495,FIRE,,Flame Body,,Vital Spirit
127,Pinsir,65,125,100,55,70,85,500,BUG,,Hyper Cutter,Mold Breaker,Moxie
128,Tauros,75,100,95,40,70,110,490,NORMAL,,Intimidate,Anger Point,Sheer Force
129,Magikarp,20,10,55,15,20,80,200,WATER,,Swift Swim,,Rattled
130,Gyarados,95,125,79,60,100,81,540,WATER,FLYING,Intimidate,,Moxie
131,Lapras,130,85,80,85,95,60,535,WATER,ICE,Water Absorb,Shell Armor,Hydration
132,Ditto,48,48,48,48,48,48,288,NORMAL,,Limber,,Imposter
133,Eevee,55,55,50,45,65,55,325,NORMAL,,Run Away,Adaptability,Anticipation
134,Vaporeon,130,65,60,110,95,65,525,WATER,,Water Absorb,,Hydration
135,Jolteon,65,65,60,110,95,130,525,ELECTRIC,,Volt Absorb,,Quick Feet
136,Flareon,65,130,60,95,110,65,525,FIRE,,Flash Fire,,Guts
137,Porygon,65,60,70,85,75,40,395,NORMAL,,Trace,Download,Analytic
138,Omanyte,35,40,100,90,55,35,355,ROCK,WATER,Swift Swim,Shell Armor,Weak Armor
139,Omastar,70,60,125,115,70,55,495,ROCK,WATER,Swift Swim,Shell Armor,Weak Armor
140,Kabuto,30,80,90,55,45,55,355,ROCK,WATER,Swift Swim,Battle Armor,Weak Armor
141,Kabutops,60,115,105,65,70,80,495,ROCK,WATER,Swift Swim,Battle Armor,Weak Armor
142,Aerodactyl,80,105,65,60,75,130,515,ROCK,FLYING,Rock Head,Pressure,Unnerve
143,Snorlax,160,110,65,65,110,30,540,NORMAL,,Immunity,Thick Fat,Gluttony
144,Articuno,90,85,100,95,125,85,580,ICE,FLYING,Pressure,,Snow Cloak
145,Zapdos,90,90,85,125,90,100,580,ELECTRIC,FLYING,Pressure,,Static
146,Moltres,90,100,90,125,85,90,580,FIRE,FLYING,Pressure,,Flame Body
147,Dratini,41,64,45,50,50,50,300,DRAGON,,Shed Skin,,Marvel Scale
148,Dragonair,61,84,65,70,70,70,420,DRAGON,,Shed Skin,,Marvel Scale
149,Dragonite,91,134,95,100,100,80,600,DRAGON,FLYING,Inner Focus,,Multiscale
150,Mewtwo,106,110,90,154,90,130,680,PSYCHIC,,Pressure,,Unnerve
151,Mew,100,100,100,100,100,100,600,PSYCHIC,,Synchronize,,
152,Chikorita,45,49,65,49,65,45,318,GRASS,,Overgrow,,Leaf Guard
153,Bayleef,60,62,80,63,80,60,405,GRASS,,Overgrow,,Leaf Guard
154,Meganium,80,82,100,83,100,80,525,GRASS,,Overgrow,,Leaf Guard
155,Cyndaquil,39,52,43,60,50,65,309,FIRE,,Blaze,,Flash Fire
156,Quilava,58,64,58,80,65,80,405,FIRE,,Blaze,,Flash Fire
157,Typhlosion,78,84,78,109,85,100,534,FIRE,,Blaze,,Flash Fire
158,Totodile,50,65,64,44,48,43,314,WATER,,Torrent,,Sheer Force
159,Croconaw,65,80,80,59,63,58,405,WATER,,Torrent,,Sheer Force
160,Feraligatr,85,105,100,79,83,78,530,WATER,,Torrent,,Sheer Force
161,Sentret,35,46,34,35,45,20,215,NORMAL,,Run Away,Keen Eye,Frisk
162,Furret,85,76,64,45,55,90,415,NORMAL,,Run Away,Keen Eye,Frisk
163,Hoothoot,60,30,30,36,56,50,262,NORMAL,FLYING,Insomnia,Keen Eye,Tinted Lens
164,Noctowl,100,50,50,86,96,70,452,NORMAL,FLYING,Insomnia,Keen Eye,Tinted Lens
165,Ledyba,40,20,30,40,80,55,265,BUG,FLYING,Swarm,Early Bird,Rattled
166,Ledian,55,35,50,55,110,85,390,BUG,FLYING,Swarm,Early Bird,Iron Fist
167,Spinarak,40,60,40,40,40,30,250,BUG,POISON,Swarm,Insomnia,Sniper
168,Ariados,70,90,70,60,70,40,400,BUG,POISON,Swarm,Insomnia,Sniper
169,Crobat,85,90,80,70,80,130,535,POISON,FLYING,Inner Focus,,Infiltrator
170,Chinchou,75,38,38,56,56,67,330,WATER,ELECTRIC,Volt Absorb,Illuminate,Water Absorb
171,Lanturn,125,58,58,76,76,67,460,WATER,ELECTRIC,Volt Absorb,Illuminate,Water Absorb
172,Pichu,20,40,15,35,35,60,205,ELECTRIC,,Static,,Lightningrod
173,Cleffa,50,25,28,45,55,15,218,FAIRY,,Cute Charm,Magic Guard,Friend Guard
174,Igglybuff,90,30,15,40,20,15,210,NORMAL,FAIRY,Cute Charm,,Friend Guard
175,Togepi,35,20,65,40,65,20,245,FAIRY,,Hustle,Serene Grace,Super Luck
176,Togetic,55,40,85,80,105,40,405,FAIRY,FLYING,Hustle,Serene Grace,Super Luck
177,Natu,40,50,45,70,45,70,320,PSYCHIC,FLYING,Synchronize,Early Bird,Magic Bounce
178,Xatu,65,75,70,95,70,95,470,PSYCHIC,FLYING,Synchronize,Early Bird,Magic Bounce
179,Mareep,55,40,40,65,45,35,280,ELECTRIC,,Static,,Plus
180,Flaaffy,70,55,55,80,60,45,365,ELECTRIC,,Static,,Plus
181,Ampharos,90,75,85,115,90,55,510,ELECTRIC,,Static,,Plus
182,Bellossom,75,80,95,90,100,50,490,GRASS,,Chlorophyll,,Healer
183,Marill,70,20,50,20,50,40,250,WATER,FAIRY,Thick Fat,Huge Power,Sap Sipper
184,Azumarill,100,50,80,60,80,50,420,WATER,FAIRY,Thick Fat,Huge Power,Sap Sipper
185,Sudowoodo,70,100,115,30,65,30,410,ROCK,,Sturdy,Rock Head,Rattled
186,Politoed,90,75,75,90,100,70,500,WATER,,Water Absorb,Damp,Drizzle
187,Hoppip,35,35,40,35,55,50,250,GRASS,FLYING,Chlorophyll,Leaf Guard,Infiltrator
188,Skiploom,55,45,50,45,65,80,340,GRASS,FLYING,Chlorophyll,Leaf Guard,Infiltrator
189,Jumpluff,75,55,70,55,95,110,460,GRASS,FLYING,Chlorophyll,Leaf Guard,Infiltrator
190,Aipom,55,70,55,40,55,85,360,NORMAL,,Run Away,Pickup,Skill Link
191,Sunkern,30,30,30,30,30,30,180,GRASS,,Chlorophyll,Solar Power,Early Bird
192,Sunflora,75,75,55,105,85,30,425,GRASS,,Chlorophyll,Solar Power,Early Bird
193,Yanma,65,65,45,75,45,95,390,BUG,FLYING,Speed Boost,Compoundeyes,Frisk
194,Wooper,55,45,45,25,25,15,210,WATER,GROUND,Damp,Water Absorb,Unaware
195,Quagsire,95,85,85,65,65,35,430,WATER,GROUND,Damp,Water Absorb,Unaware
196,Espeon,65,65,60,130,95,110,525,PSYCHIC,,Synchronize,,Magic Bounce
197,Umbreon,95,65,110,60,130,65,525,DARK,,Synchronize,,Inner Focus
198,Murkrow,60,85,42,85,42,91,405,DARK,FLYING,Insomnia,Super Luck,Prankster
199,Slowking,95,75,80,100,110,30,490,WATER,PSYCHIC,Oblivious,Own Tempo,Regenerator
200,Misdreavus,60,60,60,85,85,85,435,GHOST,,Levitate,,
201,Unown,48,72,48,72,48,48,336,PSYCHIC,,Levitate,,
202,Wobbuffet,190,33,58,33,58,33,405,PSYCHIC,,Shadow Tag,,Telepathy
203,Girafarig,70,80,65,90,65,85,455,NORMAL,PSYCHIC,Inner Focus,Early Bird,Sap Sipper
204,Pineco,50,65,90,35,35,15,290,BUG,,Sturdy,,Overcoat
205,Forretress,75,90,140,60,60,40,465,BUG,STEEL,Sturdy,,Overcoat
206,Dunsparce,100,70,70,65,65,45,415,NORMAL,,Serene Grace,Run Away,Rattled
207,Gligar,65,75,105,35,65,85,430,GROUND,FLYING,Hyper Cutter,Sand Veil,Immunity
208,Steelix,75,85,200,55,65,30,510,STEEL,GROUND,Rock Head,Sturdy,Sheer Force
209,Snubbull,60,80,50,40,40,30,300,FAIRY,,Intimidate,Run Away,Rattled
210,Granbull,90,120,75,60,60,45,450,FAIRY,,Intimidate,Quick Feet,Rattled
211,Qwilfish,65,95,85,55,55,85,440,WATER,POISON,Poison Point,Swift Swim,Intimidate
212,Scizor,70,130,100,55,80,65,500,BUG,STEEL,Swarm,Technician,Light Metal
213,Shuckle,20,10,230,10,230,5,505,BUG,ROCK,Sturdy,Gluttony,Contrary
214,Heracross,80,125,75,40,95,85,500,BUG,FIGHTING,Swarm,Guts,Moxie
215,Sneasel,55,95,55,35,75,115,430,DARK,ICE,Inner Focus,Keen Eye,Pickpocket
216,Teddiursa,60,80,50,50,50,40,330,NORMAL,,Pickup,Quick Feet,Honey Gather
217,Ursaring,90,130,75,75,75,55,500,NORMAL,,Guts,Quick Feet,Unnerve
218,Slugma,40,40,40,70,40,20,250,FIRE,,Magma Armor,Flame Body,Weak Armor
219,Magcargo,60,50,120,90,80,30,430,FIRE,ROCK,Magma Armor,Flame Body,Weak Armor
220,Swinub,50,50,40,30,30,50,250,ICE,GROUND,Oblivious,Snow Cloak,Thick Fat
221,Piloswine,100,100,80,60,60,50,450,ICE,GROUND,Oblivious,Snow Cloak,Thick Fat
222,Corsola,65,55,95,65,95,35,410,WATER,ROCK,Hustle,Natural Cure,Regenerator
223,Remoraid,35,65,35,65,35,65,300,WATER,,Hustle,Sniper,Moody
224,Octillery,75,105,75,105,75,45,480,WATER,,Suction Cups,Sniper,Moody
225,Delibird,45,55,45,65,45,75,330,ICE,FLYING,Vital Spirit,Hustle,Insomnia
226,Mantine,85,40,70,80,140,70,485,WATER,FLYING,Swift Swim,Water Absorb,Water Veil
227,Skarmory,65,80,140,40,70,70,465,STEEL,FLYING,Keen Eye,Sturdy,Weak Armor
228,Houndour,45,60,30,80,50,65,330,DARK,FIRE,Early Bird,Flash Fire,Unnerve
229,Houndoom,75,90,50,110,80,95,500,DARK,FIRE,Early Bird,Flash Fire,Unnerve
230,Kingdra,75,95,95,95,95,85,540,WATER,DRAGON,Swift Swim,Sniper,Damp
231,Phanpy,90,60,60,40,40,40,330,GROUND,,Pickup,,Sand Veil
232,Donphan,90,120,120,60,60,50,500,GROUND,,Sturdy,,Sand Veil
233,Porygon2,85,80,90,105,95,60,515,NORMAL,,Trace,Download,Analytic
234,Stantler,73,95,62,85,65,85,465,NORMAL,,Intimidate,Frisk,Sap Sipper
235,Smeargle,55,20,35,20,45,75,250,NORMAL,,Own Tempo,Technician,Moody
236,Tyrogue,35,35,35,35,35,35,210,FIGHTING,,Guts,Steadfast,Vital Spirit
237,Hitmontop,50,95,95,35,110,70,455,FIGHTING,,Intimidate,Technician,Steadfast
238,Smoochum,45,30,15,85,65,65,305,ICE,PSYCHIC,Oblivious,Forewarn,Hydration
239,Elekid,45,63,37,65,55,95,360,ELECTRIC,,Static,,Vital Spirit
240,Magby,45,75,37,70,55,83,365,FIRE,,Flame Body,,Vital Spirit
241,Miltank,95,80,105,40,70,100,490,NORMAL,,Thick Fat,Scrappy,Sap Sipper
242,Blissey,255,10,10,75,135,55,540,NORMAL,,Natural Cure,Serene Grace,Healer
243,Raikou,90,85,75,115,100,115,580,ELECTRIC,,Pressure,,Inner Focus
244,Entei,115,115,85,90,75,100,580,FIRE,,Pressure,,Inner Focus
245,Suicune,100,75,115,90,115,85,580,WATER,,Pressure,,Inner Focus
246,Larvitar,50,64,50,45,50,41,300,ROCK,GROUND,Guts,,Sand Veil
247,Pupitar,70,84,70,65,70,51,410,ROCK,GROUND,Shed Skin,,
248,Tyranitar,100,134,110,95,100,61,600,ROCK,DARK,Sand Stream,,Unnerve
249,Lugia,106,90,130,90,154,110,680,PSYCHIC,FLYING,Pressure,,Multiscale
250,Ho-oh,106,130,90,110,154,90,680,FIRE,FLYING,Pressure,,Regenerator
251,Celebi,100,100,100,100,100,100,600,PSYCHIC,GRASS,Natural Cure,,
252,Treecko,40,45,35,65,55,70,310,GRASS,,Overgrow,,Unburden
253,Grovyle,50,65,45,85,65,95,405,GRASS,,Overgrow,,Unburden
254,Sceptile,70,85,65,105,85,120,530,GRASS,,Overgrow,,Unburden
255,Torchic,45,60,40,70,50,45,310,FIRE,,Blaze,,Speed Boost
256,Combusken,60,85,60,85,60,55,405,FIRE,FIGHTING,Blaze,,Speed Boost
257,Blaziken,80,120,70,110,70,80,530,FIRE,FIGHTING,Blaze,,Speed Boost
258,Mudkip,50,70,50,50,50,40,310,WATER,,Torrent,,Damp
259,Marshtomp,70,85,70,60,70,50,405,WATER,GROUND,Torrent,,Damp
260,Swampert,100,110,90,85,90,60,535,WATER,GROUND,Torrent,,Damp
261,Poochyena,35,55,35,30,30,35,220,DARK,,Run Away,Quick Feet,Rattled
262,Mightyena,70,90,70,60,60,70,420,DARK,,Intimidate,Quick Feet,Moxie
263,Zigzagoon,38,30,41,30,41,60,240,NORMAL,,Pickup,Gluttony,Quick Feet
264,Linoone,78,70,61,50,61,100,420,NORMAL,,Pickup,Gluttony,Quick Feet
265,Wurmple,45,45,35,20,30,20,195,BUG,,Shield Dust,,Run Away
266,Silcoon,50,35,55,25,25,15,205,BUG,,Shed Skin,,
267,Beautifly,60,70,50,100,50,65,395,BUG,FLYING,Swarm,,Rivalry
268,Cascoon,50,35,55,25,25,15,205,BUG,,Shed Skin,,
269,Dustox,60,50,70,50,90,65,385,BUG,POISON,Shield Dust,,Compound Eyes
270,Lotad,40,30,30,40,50,30,220,WATER,GRASS,Swift Swim,Rain Dish,Own Tempo
271,Lombre,60,50,50,60,70,50,340,WATER,GRASS,Swift Swim,Rain Dish,Own Tempo
272,Ludicolo,80,70,70,90,100,70,480,WATER,GRASS,Swift Swim,Rain Dish,Own Tempo
273,Seedot,40,40,50,30,30,30,220,GRASS,,Chlorophyll,Early Bird,Pickpocket
274,Nuzleaf,70,70,40,60,40,60,340,GRASS,DARK,Chlorophyll,Early Bird,Pickpocket
275,Shiftry,90,100,60,90,60,80,480,GRASS,DARK,Chlorophyll,Early Bird,Pickpocket
276,Taillow,40,55,30,30,30,85,270,NORMAL,FLYING,Guts,,Scrappy
277,Swellow,60,85,60,75,50,125,455,NORMAL,FLYING,Guts,,Scrappy
278,Wingull,40,30,30,55,30,85,270,WATER,FLYING,Keen Eye,,Rain Dish
279,Pelipper,60,50,100,95,70,65,440,WATER,FLYING,Keen Eye,,Rain Dish
280,Ralts,28,25,25,45,35,40,198,PSYCHIC,FAIRY,Synchronize,Trace,Pixilate
281,Kirlia,38,35,35,65,55,50,278,PSYCHIC,FAIRY,Synchronize,Trace,Pixilate
282,Gardevoir,68,65,65,125,115,80,518,PSYCHIC,FAIRY,Synchronize,Trace,Pixilate
283,Surskit,40,30,32,50,52,65,269,BUG,WATER,Swift Swim,,Rain Dish
284,Masquerain,70,60,62,100,82,80,454,BUG,FLYING,Intimidate,,Unnerve
285,Shroomish,60,40,60,40,60,35,295,GRASS,,Effect Spore,Poison Heal,Quick Feet
286,Breloom,60,130,80,60,60,70,460,GRASS,FIGHTING,Effect Spore,Poison Heal,Technician
287,Slakoth,60,60,60,35,35,30,280,NORMAL,,Truant,,
288,Vigoroth,80,80,80,55,55,90,440,NORMAL,,Vital Spirit,,
289,Slaking,150,160,100,95,65,100,670,NORMAL,,Truant,,
290,Nincada,31,45,90,30,30,40,266,BUG,GROUND,Compoundeyes,,Run Away
291,Ninjask,61,90,45,50,50,160,456,BUG,FLYING,Speed Boost,,Infiltrator
292,Shedinja,1,90,45,30,30,40,236,BUG,GHOST,Wonder Guard,,
293,Whismur,64,51,23,51,23,28,240,NORMAL,,Soundproof,,Rattled
294,Loudred,84,71,43,71,43,48,360,NORMAL,,Soundproof,,Scrappy
295,Exploud,104,91,63,91,73,68,490,NORMAL,,Soundproof,,Scrappy
296,Makuhita,72,60,30,20,30,25,237,FIGHTING,,Thick Fat,Guts,Sheer Force
297,Hariyama,144,120,60,40,60,50,474,FIGHTING,,Thick Fat,Guts,Sheer Force
298,Azurill,50,20,40,20,40,20,190,NORMAL,FAIRY,Thick Fat,Huge Power,Sap Sipper
299,Nosepass,30,45,135,45,90,30,375,ROCK,,Sturdy,Magnet Pull,Sand Force
300,Skitty,50,45,45,35,35,50,260,NORMAL,,Cute Charm,Normalize,Wonder Skin
301,Delcatty,70,65,65,55,55,90,400,NORMAL,,Cute Charm,Normalize,Wonder Skin
302,Sableye,50,75,75,65,65,50,380,DARK,GHOST,Keen Eye,Stall,Prankster
303,Mawile,50,85,85,55,55,50,380,STEEL,FAIRY,Hyper Cutter,Intimidate,Sheer Force
304,Aron,50,70,100,40,40,30,330,STEEL,ROCK,Sturdy,Rock Head,Heavy Metal
305,Lairon,60,90,140,50,50,40,430,STEEL,ROCK,Sturdy,Rock Head,Heavy Metal
306,Aggron,70,110,180,60,60,50,530,STEEL,ROCK,Sturdy,Rock Head,Heavy Metal
307,Meditite,30,40,55,40,55,60,280,FIGHTING,PSYCHIC,Pure Power,,Telepathy
308,Medicham,60,60,75,60,75,80,410,FIGHTING,PSYCHIC,Pure Power,,Telepathy
309,Electrike,40,45,40,65,40,65,295,ELECTRIC,,Static,Lightningrod,Minus
310,Manectric,70,75,60,105,60,105,475,ELECTRIC,,Static,Lightningrod,Minus
311,Plusle,60,50,40,85,75,95,405,ELECTRIC,,Plus,,Lightning Rod
312,Minun,60,40,50,75,85,95,405,ELECTRIC,,Minus,,Volt Absorb
313,Volbeat,65,73,75,47,85,85,430,BUG,,Illuminate,Swarm,Prankster
314,Illumise,65,47,75,73,85,85,430,BUG,,Oblivious,Tinted Lens,Prankster
315,Roselia,50,60,45,100,80,65,400,GRASS,POISON,Natural Cure,Poison Point,Leaf Guard
316,Gulpin,70,43,53,43,53,40,302,POISON,,Liquid Ooze,Sticky Hold,Gluttony
317,Swalot,100,73,83,73,83,55,467,POISON,,Liquid Ooze,Sticky Hold,Gluttony
318,Carvanha,45,90,20,65,20,65,305,WATER,DARK,Rough Skin,,Speed Boost
319,Sharpedo,70,120,40,95,40,95,460,WATER,DARK,Rough Skin,,Speed Boost
320,Wailmer,130,70,35,70,35,60,400,WATER,,Water Veil,Oblivious,Pressure
321,Wailord,170,90,45,90,45,60,500,WATER,,Water Veil,Oblivious,Pressure
322,Numel,60,60,40,65,45,35,305,FIRE,GROUND,Oblivious,Simple,Own Tempo
323,Camerupt,70,100,70,105,75,40,460,FIRE,GROUND,Magma Armor,Solid Rock,Anger Point
324,Torkoal,70,85,140,85,70,20,470,FIRE,,White Smoke,Drought,Shell Armor
325,Spoink,60,25,35,70,80,60,330,PSYCHIC,,Thick Fat,Own Tempo,Gluttony
326,Grumpig,80,45,65,90,110,80,470,PSYCHIC,,Thick Fat,Own Tempo,Gluttony
327,Spinda,60,60,60,60,60,60,360,NORMAL,,Own Tempo,Tangled Feet,Contrary
328,Trapinch,45,100,45,45,45,10,290,GROUND,,Hyper Cutter,Arena Trap,Sheer Force
329,Vibrava,50,70,50,50,50,70,340,GROUND,DRAGON,Levitate,,
330,Flygon,80,100,80,80,80,100,520,GROUND,DRAGON,Levitate,,
331,Cacnea,50,85,40,85,40,35,335,GRASS,,Sand Veil,,Water Absorb
332,Cacturne,70,115,60,115,60,55,475,GRASS,DARK,Sand Veil,,Water Absorb
333,Swablu,45,40,60,40,75,50,310,NORMAL,FLYING,Natural Cure,,Cloud Nine
334,Altaria,75,70,90,70,105,80,490,DRAGON,FLYING,Natural Cure,,Cloud Nine
335,Zangoose,73,115,60,60,60,90,458,NORMAL,,Immunity,,Toxic Boost
336,Seviper,73,100,60,100,60,65,458,POISON,,Shed Skin,,Infiltrator
337,Lunatone,90,55,65,95,85,70,460,ROCK,PSYCHIC,Levitate,,
338,Solrock,90,95,85,55,65,70,460,ROCK,PSYCHIC,Levitate,,
339,Barboach,50,48,43,46,41,60,288,WATER,GROUND,Oblivious,Anticipate,Hydration
340,Whiscash,110,78,73,76,71,60,468,WATER,GROUND,Oblivious,Anticipate,Hydration
341,Corphish,43,80,65,50,35,35,308,WATER,,Hyper Cutter,Shell Armor,Adaptability
342,Crawdaunt,63,120,85,90,55,55,468,WATER,DARK,Hyper Cutter,Shell Armor,Adaptability
343,Baltoy,40,40,55,40,70,55,300,GROUND,PSYCHIC,Levitate,,
344,Claydol,60,70,105,70,120,75,500,GROUND,PSYCHIC,Levitate,,
345,Lileep,66,41,77,61,87,23,355,ROCK,GRASS,Suction Cups,,Storm Drain
346,Cradily,86,81,97,81,107,43,495,ROCK,GRASS,Suction Cups,,Storm Drain
347,Anorith,45,95,50,40,50,75,355,ROCK,BUG,Battle Armor,,Swift Swim
348,Armaldo,75,125,100,70,80,45,495,ROCK,BUG,Battle Armor,,Swift Swim
349,Feebas,20,15,20,10,55,80,200,WATER,,Swift Swim,,Adaptability
350,Milotic,95,60,79,100,125,81,540,WATER,,Marvel Scale,,Cute Charm
351,Castform,70,70,70,70,70,70,420,NORMAL,,Forecast,,
352,Kecleon,60,90,70,60,120,40,440,NORMAL,,Color Change,,Protean
353,Shuppet,44,75,35,63,33,45,295,GHOST,,Insomnia,Frisk,Cursed Body
354,Banette,64,115,65,83,63,65,455,GHOST,,Insomnia,Frisk,Cursed Body
355,Duskull,20,40,90,30,90,25,295,GHOST,,Levitate,,Frisk
356,Dusclops,40,70,130,60,130,25,455,GHOST,,Pressure,,Frisk
357,Tropius,99,68,83,72,87,51,460,GRASS,FLYING,Chlorophyll,Solar Power,Harvest
358,Chimecho,75,50,80,95,90,65,455,PSYCHIC,,Levitate,,
359,Absol,65,130,60,75,60,75,465,DARK,,Pressure,Super Luck,Justified
360,Wynaut,95,23,48,23,48,23,260,PSYCHIC,,Shadow Tag,,Telepathy
361,Snorunt,50,50,50,50,50,50,300,ICE,,Inner Focus,Ice Body,Moody
362,Glalie,80,80,80,80,80,80,480,ICE,,Inner Focus,Ice Body,Moody
363,Spheal,70,40,50,55,50,25,290,ICE,WATER,Thick Fat,Ice Body,Oblivious
364,Sealeo,90,60,70,75,70,45,410,ICE,WATER,Thick Fat,Ice Body,Oblivious
365,Walrein,110,80,90,95,90,65,530,ICE,WATER,Thick Fat,Ice Body,Oblivious
366,Clamperl,35,64,85,74,55,32,345,WATER,,Shell Armor,,Rattled
367,Huntail,55,104,105,94,75,52,485,WATER,,Swift Swim,,Water Veil
368,Gorebyss,55,84,105,114,75,52,485,WATER,,Swift Swim,,Hydration
369,Relicanth,100,90,130,45,65,55,485,WATER,ROCK,Swift Swim,Rock Head,Sturdy
370,Luvdisc,43,30,55,40,65,97,330,WATER,,Swift Swim,,Hydration
371,Bagon,45,75,60,40,30,50,300,DRAGON,,Rock Head,,Sheer Force
372,Shelgon,65,95,100,60,50,50,420,DRAGON,,Rock Head,,Overcoat
373,Salamence,95,135,80,110,80,100,600,DRAGON,FLYING,Intimidate,,Moxie
374,Beldum,40,55,80,35,60,30,300,STEEL,PSYCHIC,Clear Body,,Light Metal
375,Metang,60,75,100,55,80,50,420,STEEL,PSYCHIC,Clear Body,,Light Metal
376,Metagross,80,135,130,95,90,70,600,STEEL,PSYCHIC,Clear Body,,Light Metal
377,Regirock,80,100,200,50,100,50,580,ROCK,,Clear Body,,Sturdy
378,Regice,80,50,100,100,200,50,580,ICE,,Clear Body,,Ice Body
379,Registeel,80,75,150,75,150,50,580,STEEL,,Clear Body,,Light Metal
380,Latias,80,80,90,110,130,110,600,DRAGON,PSYCHIC,Levitate,,
381,Latios,80,90,80,130,110,110,600,DRAGON,PSYCHIC,Levitate,,
382,Kyogre,100,100,90,150,140,90,670,WATER,,Drizzle,,
383,Groudon,100,150,140,100,90,90,670,GROUND,,Drought,,
384,Rayquaza,105,150,90,150,90,95,680,DRAGON,FLYING,Air Lock,,
385,Jirachi,100,100,100,100,100,100,600,STEEL,PSYCHIC,Serene Grace,,
386,Deoxys (N),50,150,50,150,50,150,600,PSYCHIC,,Pressure,,
387,Turtwig,55,68,64,45,55,31,318,GRASS,,Overgrow,,Shell Armor
388,Grotle,75,89,85,55,65,36,405,GRASS,,Overgrow,,Shell Armor
389,Torterra,95,109,105,75,85,56,525,GRASS,GROUND,Overgrow,,Shell Armor
390,Chimchar,44,58,44,58,44,61,309,FIRE,,Blaze,,Iron Fist
391,Monferno,64,78,52,78,52,81,405,FIRE,FIGHTING,Blaze,,Iron Fist
392,Infernape,76,104,71,104,71,108,534,FIRE,FIGHTING,Blaze,,Iron Fist
393,Piplup,53,51,53,61,56,40,314,WATER,,Torrent,,Defiant
394,Prinplup,64,66,68,81,76,50,405,WATER,,Torrent,,Defiant
395,Empoleon,84,86,88,111,101,60,530,WATER,STEEL,Torrent,,Defiant
396,Starly,40,55,30,30,30,60,245,NORMAL,FLYING,Keen Eye,,Reckless
397,Staravia,55,75,50,40,40,80,340,NORMAL,FLYING,Intimidate,,Reckless
398,Staraptor,85,120,70,50,60,100,485,NORMAL,FLYING,Intimidate,,Reckless
399,Bidoof,59,45,40,35,40,31,250,NORMAL,,Simple,Unaware,Moody
400,Bibarel,79,85,60,55,60,71,410,NORMAL,WATER,Simple,Unaware,Moody
401,Kricketot,37,25,41,25,41,25,194,BUG,,Shed Skin,,Run Away
402,Kricketune,77,85,51,55,51,65,384,BUG,,Swarm,,Technician
403,Shinx,45,65,34,40,34,45,263,ELECTRIC,,Rivalry,Intimidate,Guts
404,Luxio,60,85,49,60,49,60,363,ELECTRIC,,Rivalry,Intimidate,Guts
405,Luxray,80,120,79,95,79,70,523,ELECTRIC,,Rivalry,Intimidate,Guts
406,Budew,40,30,35,50,70,55,280,GRASS,POISON,Natural Cure,Poison Point,Leaf Guard
407,Roserade,60,70,65,125,105,90,515,GRASS,POISON,Natural Cure,Poison Point,Technician
408,Cranidos,67,125,40,30,30,58,350,ROCK,,Mold Breaker,,Sheer Force
409,Rampardos,97,165,60,65,50,58,495,ROCK,,Mold Breaker,,Sheer Force
410,Shieldon,30,42,118,42,88,30,350,ROCK,STEEL,Sturdy,,Soundproof
411,Bastiodon,60,52,168,47,138,30,495,ROCK,STEEL,Sturdy,,Soundproof
412,Burmy,40,29,45,29,45,36,224,BUG,,Shed Skin,,Overcoat
413,Wormadam (P),60,59,85,79,105,36,424,BUG,GRASS,Anticipate,,Overcoat
414,Mothim,70,94,50,94,50,66,424,BUG,FLYING,Swarm,,Tinted Lens
415,Combee,30,30,42,30,42,70,244,BUG,FLYING,Honey Gather,,Hustle
416,Vespiquen,70,80,102,80,102,40,474,BUG,FLYING,Pressure,,Unnerve
417,Pachirisu,60,45,70,45,90,95,405,ELECTRIC,,Run Away,Pickup,Volt Absorb
418,Buizel,55,65,35,60,30,85,330,WATER,,Swift Swim,,Water Veil
419,Floatzel,85,105,55,85,50,115,495,WATER,,Swift Swim,,Water Veil
420,Cherubi,45,35,45,62,53,35,275,GRASS,,Chlorophyll,,
421,Cherrim,70,60,70,87,78,85,450,GRASS,,Flower Gift,,
422,Shellos,76,48,48,57,62,34,325,WATER,,Sticky Hold,Storm Drain,Sand Force
423,Gastrodon,111,83,68,92,82,39,475,WATER,GROUND,Sticky Hold,Storm Drain,Sand Force
424,Ambipom,75,100,66,60,66,115,482,NORMAL,,Technician,Pickup,Skill Link
425,Drifloon,90,50,34,60,44,70,348,GHOST,FLYING,Aftermath,Unburden,Flare Boost
426,Drifblim,150,80,44,90,54,80,498,GHOST,FLYING,Aftermath,Unburden,Flare Boost
427,Buneary,55,66,44,44,56,85,350,NORMAL,,Run Away,Klutz,Limber
428,Lopunny,65,76,84,54,96,105,480,NORMAL,,Cute Charm,Klutz,Limber
429,Mismagius,60,60,60,105,105,105,495,GHOST,,Levitate,,
430,Honchkrow,100,125,52,105,52,71,505,DARK,FLYING,Insomnia,Super Luck,Moxie
431,Glameow,49,55,42,42,37,85,310,NORMAL,,Limber,Own Tempo,Keen Eye
432,Purugly,71,82,64,64,59,112,452,NORMAL,,Thick Fat,Own Tempo,Defiant
433,Chingling,45,30,50,65,50,45,285,PSYCHIC,,Levitate,,
434,Stunky,63,63,47,41,41,74,329,POISON,DARK,Stench,Aftermath,Keen Eye
435,Skuntank,103,93,67,71,61,84,479,POISON,DARK,Stench,Aftermath,Keen Eye
436,Bronzor,57,24,86,24,86,23,300,STEEL,PSYCHIC,Levitate,Heatproof,Heavy Metal
437,Bronzong,67,89,116,79,116,33,500,STEEL,PSYCHIC,Levitate,Heatproof,Heavy Metal
438,Bonsly,50,80,95,10,45,10,290,ROCK,,Sturdy,Rock Head,Rattled
439,Mime Jr.,20,25,45,70,90,60,310,PSYCHIC,FAIRY,Soundproof,Filter,Technician
440,Happiny,100,5,5,15,65,30,220,NORMAL,,Natural Cure,Serene Grace,Friend Guard
441,Chatot,76,65,45,92,42,91,411,NORMAL,FLYING,Keen Eye,Tangled Feet,Big Pecks
442,Spiritomb,50,92,108,92,108,35,485,GHOST,DARK,Pressure,,Infiltrator
443,Gible,58,70,45,40,45,42,300,DRAGON,GROUND,Sand Veil,,Rough Skin
444,Gabite,68,90,65,50,55,82,410,DRAGON,GROUND,Sand Veil,,Rough Skin
445,Garchomp,108,130,95,80,85,102,600,DRAGON,GROUND,Sand Veil,,Rough Skin
446,Munchlax,135,85,40,40,85,5,390,NORMAL,,Pickup,Thick Fat,Gluttony
447,Riolu,40,70,40,35,40,60,285,FIGHTING,,Steadfast,Inner Focus,Prankster
448,Lucario,70,110,70,115,70,90,525,FIGHTING,STEEL,Steadfast,Inner Focus,Justified
449,Hippopotas,68,72,78,38,42,32,330,GROUND,,Sand Stream,,Sand Force
450,Hippowdon,108,112,118,68,72,47,525,GROUND,,Sand Stream,,Sand Force
451,Skorupi,40,50,90,30,55,65,330,POISON,BUG,Battle Armor,Sniper,Keen Eye
452,Drapion,70,90,110,60,75,95,500,POISON,DARK,Battle Armor,Sniper,Keen Eye
453,Croagunk,48,61,40,61,40,50,300,POISON,FIGHTING,Anticipate,Dry Skin,Poison Touch
454,Toxicroak,83,106,65,86,65,85,490,POISON,FIGHTING,Anticipate,Dry Skin,Poison Touch
455,Carnivine,74,100,72,90,72,46,454,GRASS,,Levitate,,
456,Finneon,49,49,56,49,61,66,330,WATER,,Swift Swim,Storm Drain,Water Veil
457,Lumineon,69,69,76,69,86,91,460,WATER,,Swift Swim,Storm Drain,Water Veil
458,Mantyke,45,20,50,60,120,50,345,WATER,FLYING,Swift Swim,Water Absorb,
459,Snover,60,62,50,62,60,40,334,ICE,GRASS,Snow Warning,,Soundproof
460,Abomasnow,90,92,75,92,85,60,494,ICE,GRASS,Snow Warning,,Soundproof
461,Weavile,70,120,65,45,85,125,510,DARK,ICE,Pressure,,Pickpocket
462,Magnezone,70,70,115,130,90,60,535,ELECTRIC,STEEL,Magnet Pull,Sturdy,Analytic
463,Lickilicky,110,85,95,80,95,50,515,NORMAL,,Own Tempo,Oblivious,Cloud Nine
464,Rhyperior,115,140,130,55,55,40,535,GROUND,ROCK,Lightningrod,Solid Rock,Regenerator
465,Tangrowth,100,100,125,110,50,50,535,GRASS,,Chlorophyll,Leaf Guard,Regenerator
466,Electivire,75,123,67,95,85,95,540,ELECTRIC,,Motor Drive,,Vital Spirit
467,Magmortar,75,95,67,125,95,83,540,FIRE,,Flame Body,,Vital Spirit
468,Togekiss,85,50,95,120,115,80,545,FAIRY,FLYING,Hustle,Serene Grace,Super Luck
469,Yanmega,86,76,86,116,56,95,515,BUG,FLYING,Speed Boost,Tinted Lens,Frisk
470,Leafeon,65,110,130,60,65,95,525,GRASS,,Leaf Guard,,Chlorophyll
471,Glaceon,65,60,110,130,95,65,525,ICE,,Snow Cloak,,Ice Body
472,Gliscor,75,95,125,45,75,95,510,GROUND,FLYING,Hyper Cutter,Sand Veil,Poison Heal
473,Mamoswine,110,130,80,70,60,80,530,ICE,GROUND,Oblivious,Snow Cloak,Thick Fat
474,Porygon-Z,85,80,70,135,75,90,535,NORMAL,,Adaptability,Download,Analytic
475,Gallade,68,125,65,65,115,80,518,PSYCHIC,FIGHTING,Steadfast,,Justified
476,Probopass,60,55,145,75,150,40,525,ROCK,STEEL,Sturdy,Magnet Pull,Sand Force
477,Dusknoir,45,100,135,65,135,45,525,GHOST,,Pressure,,Frisk
478,Froslass,70,80,70,80,70,110,480,ICE,GHOST,Snow Cloak,,Cursed Body
479,Rotom,50,50,77,95,77,91,440,ELECTRIC,GHOST,Levitate,,
480,Uxie,75,75,130,75,130,95,580,PSYCHIC,,Levitate,,
481,Mesprit,80,105,105,105,105,80,580,PSYCHIC,,Levitate,,
482,Azelf,75,125,70,125,70,115,580,PSYCHIC,,Levitate,,
483,Dialga,100,120,120,150,100,90,680,STEEL,DRAGON,Pressure,,Telepathy
484,Palkia,90,120,100,150,120,100,680,WATER,DRAGON,Pressure,,Telepathy
485,Heatran,91,90,106,130,106,77,600,FIRE,STEEL,Flash Fire,,Flame Body
486,Regigigas,110,160,110,80,110,100,670,NORMAL,,Slow Start,,
487,Giratina,150,100,120,100,120,90,680,GHOST,DRAGON,Pressure,,Telepathy
488,Cresselia,120,70,110,75,120,85,580,PSYCHIC,,Levitate,,
489,Phione,80,80,80,80,80,80,480,WATER,,Hydration,,
490,Manaphy,100,100,100,100,100,100,600,WATER,,Hydration,,
491,Darkrai,70,90,90,135,90,125,600,DARK,,Bad Dreams,,
492,Shaymin,100,100,100,100,100,100,600,GRASS,,Natural Cure,,
493,Arceus,120,120,120,120,120,120,720,NORMAL,,Multitype,,
494,Victini,100,100,100,100,100,100,600,PSYCHIC,FIRE,Victory Star,,
495,Snivy,45,45,55,45,55,63,308,GRASS,,Overgrow,,Contrary
496,Servine,60,60,75,60,75,83,413,GRASS,,Overgrow,,Contrary
497,Serperior,75,75,95,75,95,113,528,GRASS,,Overgrow,,Contrary
498,Tepig,65,63,45,45,45,45,308,FIRE,,Blaze,,Thick Fat
499,Pignite,90,93,55,70,55,55,418,FIRE,FIGHTING,Blaze,,Thick Fat
500,Emboar,110,123,65,100,65,65,528,FIRE,FIGHTING,Blaze,,Reckless
501,Oshawott,55,55,45,63,45,45,308,WATER,,Torrent,,Shell Armor
502,Dewott,75,75,60,83,60,60,413,WATER,,Torrent,,Shell Armor
503,Samurott,95,100,85,108,70,70,528,WATER,,Torrent,,Shell Armor
504,Patrat,45,55,39,35,39,42,255,NORMAL,,Run Away,Keen Eye,Analytic
505,Watchog,60,85,69,60,69,77,420,NORMAL,,Illuminate,Keen Eye,Analytic
506,Lillipup,45,60,45,25,45,55,275,NORMAL,,Vital Spirit,Pickup,Run Away
507,Herdier,65,80,65,35,65,60,370,NORMAL,,Intimidate,Sand Rush,Scrappy
508,Stoutland,85,110,90,45,90,80,500,NORMAL,,Intimidate,Sand Rush,Scrappy
509,Purrloin,41,50,37,50,37,66,281,DARK,,Limber,Unburden,Prankster
510,Liepard,64,88,50,88,50,106,446,DARK,,Limber,Unburden,Prankster
511,Pansage,50,53,48,53,48,64,316,GRASS,,Gluttony,,Overgrowth
512,Simisage,75,98,63,98,63,101,498,GRASS,,Gluttony,,Overgrowth
513,Pansear,50,53,48,53,48,64,316,FIRE,,Gluttony,,Blaze
514,Simisear,75,98,63,98,63,101,498,FIRE,,Gluttony,,Blaze
515,Panpour,50,53,48,53,48,64,316,WATER,,Gluttony,,Torrent
516,Simipour,75,98,63,98,63,101,498,WATER,,Gluttony,,Torrent
517,Munna,76,25,45,67,55,24,292,PSYCHIC,,Forewarn,Synchronize,Telepathy
518,Musharna,116,55,85,107,95,29,487,PSYCHIC,,Forewarn,Synchronize,Telepathy
519,Pidove,50,55,50,36,30,43,264,NORMAL,FLYING,Big Pecks,Super Luck,Rivalry
520,Tranquill,62,77,62,50,42,65,358,NORMAL,FLYING,Big Pecks,Super Luck,Rivalry
521,Unfezant,80,115,80,65,55,93,488,NORMAL,FLYING,Big Pecks,Super Luck,Rivalry
522,Blitzle,45,60,32,50,32,76,295,ELECTRIC,,Lightningrod,Motor Drive,Sap Sipper
523,Zebstrika,75,100,63,80,63,116,497,ELECTRIC,,Lightningrod,Motor Drive,Sap Sipper
524,Roggenrola,55,75,85,25,25,15,280,ROCK,,Sturdy,,Sand Force
525,Boldore,70,105,105,50,40,20,390,ROCK,,Sturdy,,Sand Force
526,Gigalith,85,135,130,60,80,25,515,ROCK,,Sturdy,,Sand Force
527,Woobat,65,45,43,55,43,72,323,PSYCHIC,FLYING,Unaware,Klutz,Simple
528,Swoobat,67,57,55,77,55,114,425,PSYCHIC,FLYING,Unaware,Klutz,Simple
529,Drilbur,60,85,40,30,45,68,328,GROUND,,Sand Rush,Sand Force,Mold Breaker
530,Excadrill,110,135,60,50,65,88,508,GROUND,STEEL,Sand Rush,Sand Force,Mold Breaker
531,Audino,103,60,86,60,86,50,445,NORMAL,,Healer,Regenerator,Klutz
532,Timburr,75,80,55,25,35,35,305,FIGHTING,,Guts,Sheer Force,Iron Fist
533,Gurdurr,85,105,85,40,50,40,405,FIGHTING,,Guts,Sheer Force,Iron Fist
534,Conkeldurr,105,140,95,55,65,45,505,FIGHTING,,Guts,Sheer Force,Iron Fist
535,Tympole,50,50,40,50,40,64,294,WATER,,Swift Swim,Hydration,Water Absorb
536,Palpitoad,75,65,55,65,55,69,384,WATER,GROUND,Swift Swim,Hydration,Water Absorb
537,Seismitoad,105,95,75,85,75,74,509,WATER,GROUND,Swift Swim,Poison Touch,Water Absorb
538,Throh,120,100,85,30,85,45,465,FIGHTING,,Guts,Inner Focus,Mold Breaker
539,Sawk,75,125,75,30,75,85,465,FIGHTING,,Sturdy,Inner Focus,Mold Breaker
540,Sewaddle,45,53,70,40,60,42,310,BUG,GRASS,Swarm,Chlorophyll,Overcoat
541,Swadloon,55,63,90,50,80,42,380,BUG,GRASS,Leaf Guard,Chlorophyll,Overcoat
542,Leavanny,75,103,80,70,80,92,500,BUG,GRASS,Swarm,Chlorophyll,Overcoat
543,Venipede,30,45,59,30,39,57,260,BUG,POISON,Poison Point,Swarm,Speed Boost
544,Whirlipede,40,55,99,40,79,47,360,BUG,POISON,Poison Point,Swarm,Speed Boost
545,Scolipede,60,100,89,55,69,112,485,BUG,POISON,Poison Point,Swarm,Speed Boost
546,Cottonee,40,27,60,37,50,66,280,GRASS,FAIRY,Prankster,Infiltrator,Chlorophyll
547,Whimsicott,60,67,85,77,75,116,480,GRASS,FAIRY,Prankster,Infiltrator,Chlorophyll
548,Petilil,45,35,50,70,50,30,280,GRASS,,Chlorophyll,Own Tempo,Leaf Guard
549,Lilligant,70,60,75,110,75,90,480,GRASS,,Chlorophyll,Own Tempo,Leaf Guard
550,Red Basculin,70,92,65,80,55,98,460,WATER,,Reckless,Adaptability,Mold Breaker
551,Sandile,50,72,35,35,35,65,292,GROUND,DARK,Intimidate,Moxie,Anger Point
552,Krokorok,60,82,45,45,45,74,351,GROUND,DARK,Intimidate,Moxie,Anger Point
553,Krookodile,95,117,80,65,70,92,519,GROUND,DARK,Intimidate,Moxie,Anger Point
554,Darumaka,70,90,45,15,45,50,315,FIRE,,Hustle,,Inner Focus
555,Darmanitan,105,140,55,30,55,95,480,FIRE,,Sheer Force,,Zen Mode
556,Maractus,75,86,67,106,67,60,461,GRASS,,Water Absorb,Chlorophyll,Storm Drain
557,Dwebble,50,65,85,35,35,55,325,BUG,ROCK,Sturdy,Shell Armor,Weak Armor
558,Crustle,70,105,125,65,75,45,485,BUG,ROCK,Sturdy,Shell Armor,Weak Armor
559,Scraggy,50,75,70,35,70,48,348,DARK,FIGHTING,Shed Skin,Moxie,Intimidate
560,Scrafty,65,90,115,45,115,58,488,DARK,FIGHTING,Shed Skin,Moxie,Intimidate
561,Sigilyph,72,58,80,103,80,97,490,PSYCHIC,FLYING,Wonder Skin,Magic Guard,Tinted Lenses
562,Yamask,38,30,85,55,65,30,303,GHOST,,Mummy,,
563,Cofagrigus,58,50,145,95,105,30,483,GHOST,,Mummy,,
564,Tirtouga,54,78,103,53,45,22,355,WATER,ROCK,Solid Rock,Sturdy,Swift Swim
565,Carracosta,74,108,133,83,65,32,495,WATER,ROCK,Solid Rock,Sturdy,Swift Swim
566,Archen,55,112,45,74,45,70,401,ROCK,FLYING,Defeatist,,
567,Archeops,75,140,65,112,65,110,567,ROCK,FLYING,Defeatist,,
568,Trubbish,50,50,62,40,62,65,329,POISON,,Stench,Sticky Hold,Aftermath
569,Garbodor,80,95,82,60,82,75,474,POISON,,Stench,Weak Armor,Aftermath
570,Zorua,40,65,40,80,40,65,330,DARK,,Illusion,,
571,Zoroark,60,105,60,120,60,105,510,DARK,,Illusion,,
572,Minccino,55,50,40,40,40,75,300,NORMAL,,Cute Charm,Technician,Skill Link
573,Ciccino,75,95,60,65,60,115,470,NORMAL,,Cute Charm,Technician,Skill Link
574,Gothita,45,30,50,55,65,45,290,PSYCHIC,,Frisk,Competitive,Shadow Tag
575,Gothorita,60,45,70,75,85,55,390,PSYCHIC,,Frisk,Competitive,Shadow Tag
576,Gothitelle,70,55,95,95,110,65,490,PSYCHIC,,Frisk,Competitive,Shadow Tag
577,Solosis,45,30,40,105,50,20,290,PSYCHIC,,Overcoat,Magic Guard,Regenerator
578,Duosion,65,40,50,125,60,30,370,PSYCHIC,,Overcoat,Magic Guard,Regenerator
579,Reuniclus,110,65,75,125,85,30,490,PSYCHIC,,Overcoat,Magic Guard,Regenerator
580,Ducklett,62,44,50,44,50,55,305,WATER,FLYING,Keen Eye,Big Pecks,Hydration
581,Swanna,75,87,63,87,63,98,473,WATER,FLYING,Keen Eye,Big Pecks,Hydration
582,Vanillite,36,50,50,65,60,44,305,ICE,,Ice Body,,Weak Armor
583,Vanillish,51,65,65,80,75,59,395,ICE,,Ice Body,,Weak Armor
584,Vanilluxe,71,95,85,110,95,79,535,ICE,,Ice Body,,Weak Armor
585,Deerling,60,60,50,40,50,75,335,NORMAL,GRASS,Chlorophyll,Sap Sipper,Serene Grace
586,Sawsbuck,80,100,70,60,70,95,475,NORMAL,GRASS,Chlorophyll,Sap Sipper,Serene Grace
587,Emolga,55,75,60,75,60,103,428,ELECTRIC,FLYING,Static,,Motor Drive
588,Karrablast,50,75,45,40,45,60,315,BUG,,Swarm,Shed Skin,No Guard
589,Escavalier,70,135,105,60,105,20,495,BUG,STEEL,Swarm,Shell Armor,Overcoat
590,Foongus,69,55,45,55,55,15,294,GRASS,POISON,Effect Spore,,Regenerator
591,Amoonguss,114,85,70,85,80,30,464,GRASS,POISON,Effect Spore,,Regenerator
592,Frillish,55,40,50,65,85,40,335,WATER,GHOST,Water Absorb,Cursed Body,Damp
593,Jellicent,100,60,70,85,105,60,480,WATER,GHOST,Water Absorb,Cursed Body,Damp
594,Alomomola,165,75,80,40,45,65,470,WATER,,Healer,Hydration,Regenerator
595,Joltik,50,47,50,57,50,65,319,BUG,ELECTRIC,Compoundeyes,Unnerve,Swarm
596,Galvantula,70,77,60,97,60,108,472,BUG,ELECTRIC,Compoundeyes,Unnerve,Swarm
597,Ferroseed,44,50,91,24,86,10,305,GRASS,STEEL,Iron Barbs,,
598,Ferrothorn,74,94,131,54,116,20,489,GRASS,STEEL,Iron Barbs,,Anticipation
599,Klink,40,55,70,45,60,30,300,STEEL,,Plus,Minus,Clear Body
600,Klang,60,80,95,70,85,50,440,STEEL,,Plus,Minus,Clear Body
601,Klinklang,60,100,115,70,85,90,520,STEEL,,Plus,Minus,Clear Body
602,Tynamo,35,55,40,45,40,60,275,ELECTRIC,,Levitate,,
603,Eelektrik,65,85,70,75,70,40,405,ELECTRIC,,Levitate,,
604,Eelektross,85,115,80,105,80,50,515,ELECTRIC,,Levitate,,
605,Elgyem,55,55,55,85,55,30,335,PSYCHIC,,Telepathy,Synchronize,Analytic
606,Beheeyem,75,75,75,125,95,40,485,PSYCHIC,,Telepathy,Synchronize,Analytic
607,Litwick,50,30,55,65,55,20,275,GHOST,FIRE,Flash Fire,Flame Body,Infiltrator
608,Lampent,60,40,60,95,60,55,370,GHOST,FIRE,Flash Fire,Flame Body,Infiltrator
609,Chandelure,60,55,90,145,90,80,520,GHOST,FIRE,Flash Fire,Flame Body,Infiltrator
610,Axew,46,87,60,30,40,57,320,DRAGON,,Rivalry,Mold Breaker,Unnerve
611,Fraxure,66,117,70,40,50,67,410,DRAGON,,Rivalry,Mold Breaker,Unnerve
612,Haxorus,76,147,90,60,70,97,540,DRAGON,,Rivalry,Mold Breaker,Unnerve
613,Cubchoo,55,70,40,60,40,40,305,ICE,,Snow Cloak,Slush Rush,Rattled
614,Beartic,95,130,80,70,80,50,505,ICE,,Snow Cloak,Slush Rush,Swift Swim
615,Cryogonal,80,50,50,95,135,105,515,ICE,,Levitate,,
616,Shelmet,50,40,85,40,65,25,305,BUG,,Hydration,Shell Armor,Overcoat
617,Accelgor,80,70,40,100,60,145,495,BUG,,Hydration,Sticky Hold,Unburden
618,Stunfisk,109,66,84,81,99,32,471,GROUND,ELECTRIC,Static,Limber,Sand Viel
619,Mienfoo,45,85,50,55,50,65,350,FIGHTING,,Inner Focus,Regenerator,Reckless
620,Mienshao,65,125,60,95,60,105,510,FIGHTING,,Inner Focus,Regenerator,Reckless
621,Druddigon,77,120,90,60,90,48,485,DRAGON,,Rough Skin,Sheer Force,Mold Breaker
622,Golett,59,74,50,35,50,35,303,GROUND,GHOST,Iron Fist,Klutz,No Guard
623,Golurk,89,124,80,55,80,55,483,GROUND,GHOST,Iron Fist,Klutz,No Guard
624,Pawniard,45,85,70,40,40,60,340,DARK,STEEL,Defiant,Inner Focus,Pressure
625,Bisharp,65,125,100,60,70,70,490,DARK,STEEL,Defiant,Inner Focus,Pressure
626,Bouffalant,95,110,95,40,95,55,490,NORMAL,,Reckless,Sap Sipper,Soundproof
627,Rufflet,70,83,50,37,50,60,350,NORMAL,FLYING,Keen Eye,Sheer Force,Hustle
628,Braviary,100,123,75,57,75,80,510,NORMAL,FLYING,Keen Eye,Sheer Force,Defiant
629,Vullaby,70,55,75,45,65,60,370,DARK,FLYING,Big Pecks,Overcoat,Weak Armor
630,Mandibuzz,110,65,105,55,95,80,510,DARK,FLYING,Big Pecks,Overcoat,Weak Armor
631,Heatmor,85,97,66,105,66,65,484,FIRE,,Gluttony,Flash Fire,White Smoke
632,Durant,58,109,112,48,48,109,484,BUG,STEEL,Swarm,Hustle,Truant
633,Deino,52,65,50,45,50,38,300,DARK,DRAGON,Hustle,,
634,Zweilous,72,85,70,65,70,58,420,DARK,DRAGON,Hustle,,
635,Hydreigon,92,105,90,125,90,98,600,DARK,DRAGON,Levitate,,
636,Larvesta,55,85,55,50,55,60,360,BUG,FIRE,Flame Body,,Swarm
637,Volcarona,85,60,65,135,105,100,550,BUG,FIRE,Flame Body,,Swarm
638,Cobalion,91,90,129,90,72,108,580,STEEL,FIGHTING,Justified,,
639,Terrakion,91,129,90,72,90,108,580,ROCK,FIGHTING,Justified,,
640,Virizion,91,90,72,90,129,108,580,GRASS,FIGHTING,Justified,,
641,Tornadus,79,115,70,125,80,111,580,FLYING,,Prankster,,Defiant
642,Thundurus,79,115,70,125,80,111,580,ELECTRIC,FLYING,Prankster,,Defiant
643,Reshiram,100,120,100,150,120,90,680,DRAGON,FIRE,Turboblaze,,
644,Zekrom,100,150,120,120,100,90,680,DRAGON,ELECTRIC,Teravolt,,
645,Landorus,89,125,90,115,80,101,600,GROUND,FLYING,Sand Force,,Sheer Force
646,Kyurem,125,130,90,130,90,95,660,DRAGON,ICE,Pressure,,
647,Keldeo,91,72,90,129,90,108,580,WATER,FIGHTING,Justified,,
648,Meloetta (A),100,77,77,128,128,90,600,NORMAL,PSYCHIC,Serene Grace,,
649,Genesect,71,120,95,120,95,99,600,BUG,STEEL,Download,,
650,Chespin,56,61,65,48,45,38,313,GRASS,,Overgrow,,Bulletproof
651,Quilladin,61,78,95,56,58,57,405,GRASS,,Overgrow,,Bulletproof
652,Chesnaught,88,107,122,74,75,64,530,GRASS,FIGHTING,Overgrow,,Bulletproof
653,Fennekin,40,45,40,62,60,60,307,FIRE,,Blaze,,Magician
654,Braixen,59,59,58,90,70,73,409,FIRE,,Blaze,,Magician
655,Delphox,75,69,72,114,100,104,534,FIRE,PSYCHIC,Blaze,,Magician
656,Froakie,41,56,40,62,44,71,314,WATER,,Torrent,,Protean
657,Frogadier,54,63,52,83,56,97,405,WATER,,Torrent,,Protean
658,Greninja,72,95,67,103,71,122,530,WATER,DARK,Torrent,,Protean
659,Bunnelby,38,36,38,32,36,57,237,NORMAL,,Pickup,Cheek Pouch,Huge Power
660,Diggersby,85,56,77,50,77,78,423,NORMAL,GROUND,Pickup,Cheek Pouch,Huge Power
661,Fletchling,45,50,43,40,38,62,278,NORMAL,FLYING,Big Pecks,,Gale Wings
662,Fletchinder,62,73,55,56,52,84,382,FIRE,FLYING,Flame Body,,Gale Wings
663,Talonflame,78,81,71,74,69,126,499,FIRE,FLYING,Flame Body,,Gale Wings
664,Scatterbug,38,35,40,27,25,35,200,BUG,,Shield Dust,Compound Eyes,Friend Guard
665,Spewpa,45,22,60,27,30,29,213,BUG,,Shed Skin,,Friend Guard
666,Vivillon,80,52,50,90,50,89,411,BUG,FLYING,Shield Dust,Compound Eyes,Friend Guard
667,Litleo,62,50,58,73,54,72,369,FIRE,NORMAL,Rivalry,Unnerve,Moxie
668,Pyroar,86,68,72,109,66,106,507,FIRE,NORMAL,Rivalry,Unnerve,Moxie
669,Flab√©b√©,44,38,39,61,79,42,303,FAIRY,,Flower Veil,,Symbiosis
670,Floette,54,45,47,75,98,52,371,FAIRY,,Flower Veil,,Symbiosis
671,Florges,78,65,68,112,154,75,552,FAIRY,,Flower Veil,,Symbiosis
672,Skiddo,66,65,48,62,57,52,350,GRASS,,Sap Sipper,,Grass Pelt
673,Gogoat,123,100,62,97,81,68,531,GRASS,,Sap Sipper,,Grass Pelt
674,Pancham,67,82,62,46,48,43,348,FIGHTING,,Iron Fist,Mold Breaker,Scrappy
675,Pangoro,95,124,78,69,71,58,495,FIGHTING,DARK,Iron Fist,Mold Breaker,Scrappy
676,Furfrou,75,80,60,65,90,102,472,NORMAL,,Fur Coat,,
677,Espurr,62,48,54,63,60,68,355,PSYCHIC,,Keen Eye,Infiltrator,Own Tempo
678,Male Meowstic,74,48,76,83,81,104,466,PSYCHIC,,Keen Eye,Infiltrator,Prankster
679,Honedge,45,80,100,35,37,28,325,STEEL,GHOST,No Guard,,
680,Doublade,59,110,150,45,49,35,448,STEEL,GHOST,No Guard,,
681,S Aegislash,60,50,140,50,140,60,500,STEEL,GHOST,Stance Change,,
682,Spritzee,78,52,60,63,65,23,341,FAIRY,,Healer,,Aroma Veil
683,Aromatisse,101,72,72,99,89,29,462,FAIRY,,Healer,,Aroma Veil
684,Swirlix,62,48,66,59,57,49,341,FAIRY,,Sweet Veil,,Unburden
685,Slurpuff,82,80,86,85,75,72,480,FAIRY,,Sweet Veil,,Unburden
686,Inkay,53,54,53,37,46,45,288,DARK,PSYCHIC,Contrary,Suction Cups,Infiltrator
687,Malamar,86,92,88,68,75,73,482,DARK,PSYCHIC,Contrary,Suction Cups,Infiltrator
688,Binacle,42,52,67,39,56,50,306,ROCK,WATER,Tough Claws,Sniper,Pickpocket
689,Barbaracle,72,105,115,54,86,68,500,ROCK,WATER,Tough Claws,Sniper,Pickpocket
690,Skrelp,50,60,60,60,60,30,320,POISON,WATER,Poison Point,Poison Touch,Adaptability
691,Dragalge,65,75,90,97,123,44,494,POISON,DRAGON,Poison Point,Poison Touch,Adaptability
692,Clauncher,50,53,62,58,63,44,330,WATER,,Mega Launcher,,
693,Clawitzer,71,73,88,120,89,59,500,WATER,,Mega Launcher,,
694,Helioptile,44,38,33,61,43,70,289,ELECTRIC,NORMAL,Dry Skin,Sand Veil,Solar Power
695,Heliolisk,62,55,52,109,94,109,481,ELECTRIC,NORMAL,Dry Skin,Sand Veil,Solar Power
696,Tyrunt,58,89,77,45,45,48,362,ROCK,DRAGON,Strong Jaw,,Sturdy
697,Tyrantrum,82,121,119,69,59,71,521,ROCK,DRAGON,Strong Jaw,,Rock Head
698,Amaura,77,59,50,67,63,46,362,ROCK,ICE,Refrigerate,,Snow Warning
699,Aurorus,123,77,72,99,92,58,521,ROCK,ICE,Refrigerate,,Snow Warning
700,Sylveon,95,65,65,110,130,60,525,FAIRY,,Cute Charm,,Pixilate
701,Hawlucha,78,92,75,74,63,118,500,FIGHTING,FLYING,Limber,,Mold Breaker
702,Dedenne,67,58,57,81,67,101,431,ELECTRIC,FAIRY,Unburden,,Plus
703,Carbink,50,50,150,50,150,50,500,ROCK,FAIRY,Clear Body,,Sturdy
704,Goomy,45,50,35,55,75,40,300,DRAGON,,Sap Sipper,Hydration,Gooey
705,Sliggoo,68,75,53,83,113,60,452,DRAGON,,Sap Sipper,Hydration,Gooey
706,Goodra,90,100,70,110,150,80,600,DRAGON,,Sap Sipper,Hydration,Gooey
707,Klefki,57,80,91,80,87,75,470,STEEL,FAIRY,Prankster,,Magician
708,Phantump,43,70,48,50,60,38,309,GRASS,GHOST,Natural Cure,Frisk,Harvest
709,Trevenant,85,110,76,65,82,56,474,GRASS,GHOST,Natural Cure,Frisk,Harvest
710,S Pumpkaboo,44,66,70,44,55,56,335,GRASS,GHOST,Pickup,Frisk,Insomnia
711,Sm Gourgeist,55,85,122,58,75,99,494,GRASS,GHOST,Pickup,Frisk,Insomnia
712,Bergmite,55,69,85,32,35,28,304,ICE,,Own Tempo,Ice Body,Sturdy
713,Avalugg,95,117,184,44,46,28,514,ICE,,Own Tempo,Ice Body,Sturdy
714,Noibat,40,30,35,45,40,55,245,FLYING,DRAGON,Frisk,Infiltrator,Telepathy
715,Noivern,85,70,80,97,80,123,535,FLYING,DRAGON,Frisk,Infiltrator,Telepathy
716,Xerneas,126,131,95,131,98,99,680,FAIRY,,Fairy Aura,,
717,Yveltal,126,131,95,131,98,99,680,DARK,FLYING,Dark Aura,,
718,Zygarde 50%,108,100,121,81,95,95,600,DRAGON,GROUND,Aura Break,Power Construct,
719,Diancie,50,100,150,100,150,50,600,ROCK,FAIRY,Clear Body,,
720,Hoopa (C),80,110,60,150,130,70,600,PSYCHIC,GHOST,Magician,,
721,Volcanion,80,110,120,130,90,70,600,FIRE,WATER,Water Absorb,,
722,Rowlet,68,55,55,50,50,42,320,GRASS,FLYING,Overgrow,,Long Reach
723,Dartrix,78,75,75,70,70,52,420,GRASS,FLYING,Overgrow,,Long Reach
724,Decidueye,78,107,75,100,100,70,530,GRASS,GHOST,Overgrow,,Long Reach
725,Litten,45,65,40,60,40,70,320,FIRE,,Blaze,,Intimidate
726,Torracat,65,85,50,80,50,90,420,FIRE,,Blaze,,Intimidate
727,Incineroar,95,115,90,80,90,60,530,FIRE,DARK,Blaze,,Intimidate
728,Popplio,50,54,54,66,56,40,320,WATER,,Torrent,,Liquid Voice
729,Brionne,60,69,69,91,81,50,420,WATER,,Torrent,,Liquid Voice
730,Primarina,80,74,74,126,116,60,530,WATER,FAIRY,Torrent,,Liquid Voice
731,Pikipek,35,75,30,30,30,65,265,NORMAL,FLYING,Keen Eye,Skill Link,Pickup
732,Trumbeak,55,85,50,40,50,75,355,NORMAL,FLYING,Keen Eye,Skill Link,Pickup
733,Toucannon,80,120,75,75,75,60,485,NORMAL,FLYING,Keen Eye,Skill Link,Sheer Force
734,Yungoos,48,70,30,30,30,45,253,NORMAL,,Stakeout,Strong Jaw,Adaptability
735,Gumshoos,88,110,60,55,60,45,418,NORMAL,,Stakeout,Strong Jaw,Adaptability
736,Grubbin,47,62,45,55,45,46,300,BUG,,Swarm,,
737,Charjabug,57,82,95,55,75,36,400,BUG,,Battery,,
738,Vikavolt,77,70,90,145,75,43,500,BUG,ELECTRIC,Levitate,,
739,Crabrawler,47,82,57,42,47,63,338,FIGHTING,,Hyper Cutter,Iron Fist,Anger Point
740,Crabominable,97,132,77,62,67,43,478,FIGHTING,ICE,Hyper Cutter,Iron Fist,Anger Point
741,Pom Oricorio,75,70,70,98,70,93,476,ELECTRIC,FLYING,Dancer,,
742,Cutiefly,40,45,40,55,40,84,304,BUG,FAIRY,Honey Gather,Sheild Dust,Sweet Veil
743,Ribombee,60,55,60,95,70,124,464,BUG,FAIRY,Honey Gather,Sheild Dust,Sweet Veil
744,Rockruff,45,65,40,30,40,60,280,ROCK,,Keen Eye,Vital Spirit,Steadfast
745,Day Lycanroc,75,115,65,55,65,112,487,ROCK,,Keen Eye,Sand Rush,Steadfast
746,Wishiwashi,45,20,20,25,25,40,175,WATER,,Schooling,,
747,Mareanie,50,53,62,43,52,45,305,POISON,WATER,Merciless,Limber,Regenerator
748,Toxapex,50,63,152,53,142,35,495,POISON,WATER,Merciless,Limber,Regenerator
749,Mudbray,70,100,70,45,55,45,385,GROUND,,Own Tempo,Stamina,Inner Focus
750,Mudsdale,100,125,100,55,85,35,500,GROUND,,Own Tempo,Stamina,Inner Focus
751,Dewpider,38,40,52,40,72,27,269,WATER,BUG,Water Bubble,,Water Absorb
752,Araquanid,68,70,92,50,132,42,454,WATER,BUG,Water Bubble,,Water Absorb
753,Fomantis,40,55,35,50,35,35,250,GRASS,,Leaf Guard,,Contrary
754,Lurantis,70,105,90,80,90,45,480,GRASS,,Leaf Guard,,Contrary
755,Morelull,40,35,55,65,75,15,285,GRASS,FAIRY,Illuminate,Effect Spore,Rain Dish
756,Shiinotic,60,45,80,90,100,30,405,GRASS,FAIRY,Illuminate,Effect Spore,Rain Dish
757,Salandit,48,44,40,71,40,77,320,POISON,FIRE,Corrosion,,Oblivious
758,Salazzle,68,64,60,111,60,117,480,POISON,FIRE,Corrosion,,Oblivious
759,Stufful,70,75,50,45,50,50,340,NORMAL,FIGHTING,Fluffy,Klutz,Cute Charm
760,Bewear,120,125,80,55,60,60,500,NORMAL,FIGHTING,Fluffy,Klutz,Unnerve
761,Bounsweet,42,30,38,30,38,32,210,GRASS,,Leaf Guard,Oblivious,Sweet Veil
762,Steenee,52,40,48,40,48,62,290,GRASS,,Leaf Guard,Oblivious,Sweet Veil
763,Tsareena,72,120,98,50,98,72,510,GRASS,,Leaf Guard,Queenly Majesty,Sweet Veil
764,Comfey,51,52,90,82,110,100,485,FAIRY,,Flower Veil,Triage,Natural Cure
765,Oranguru,90,60,80,90,110,60,490,NORMAL,PSYCHIC,Inner Focus,Telepathy,Symbiosis
766,Passimian,100,120,90,40,60,80,490,FIGHTING,,Receiver,,Defiant
767,Wimpod,25,35,40,20,30,80,230,BUG,WATER,Wimp Out,,
768,Golisopod,75,125,140,60,90,40,530,BUG,WATER,Emergency Exit,,
769,Sandygast,55,55,80,70,45,15,320,GHOST,GROUND,Water Compaction,,Sand Veil
770,Palossand,85,75,110,100,75,35,480,GHOST,GROUND,Water Compaction,,Sand Veil
771,Pyukumuku,55,60,130,30,130,5,410,WATER,,Innards Out,,Unaware
772,Type: Null,95,95,95,95,95,59,534,NORMAL,,Battle Armor,,
773,Silvally,95,95,95,95,95,95,570,NORMAL,,RKS System,,
774,Minior,60,60,100,60,100,60,440,ROCK,FLYING,Shields Down,,
775,Komala,65,115,65,75,95,65,480,NORMAL,,Comatose,,
776,Turtonator,60,78,135,91,85,36,485,FIRE,DRAGON,Shell Armor,,
777,Togedemaru,65,98,63,40,73,96,435,ELECTRIC,STEEL,Iron Barbs,Lightning Rod,Sturdy
778,Mimikyu,55,90,80,50,105,96,476,GHOST,FAIRY,DIsguise,,
779,Bruxish,68,105,70,70,70,92,475,WATER,PSYCHIC,Dazzling,Strong Jaw,Wonder Skin
780,Drampa,78,60,85,135,91,36,485,NORMAL,DRAGON,Berserk,Sap Sipper,Cloud Nine
781,Dhelmise,70,131,100,86,90,40,517,GHOST,GRASS,Steelworker,,
782,Jangmo-o,45,55,65,45,45,45,300,DRAGON,FIGHTING,Bulletproof,Soundproof,Overcoat
783,Hakamo-o,55,75,90,65,70,65,420,DRAGON,FIGHTING,Bulletproof,Soundproof,Overcoat
784,Kommo-o,75,110,125,100,105,85,600,DRAGON,FIGHTING,Bulletproof,Soundproof,Overcoat
785,Tapu Koko,70,115,85,95,75,130,570,ELECTRIC,FAIRY,Electric Surge,,Telepathy
786,Tapu Lele,70,85,75,130,115,95,570,PSYCHIC,FAIRY,Psychic Surge,,Telepathy
787,Tapu Bulu,70,130,115,85,95,75,570,GRASS,FAIRY,Grassy Surge,,Telepathy
788,Tapu Fini,70,75,115,95,130,85,570,WATER,FAIRY,Misty Surge,,Telepathy
789,Cosmog,43,29,31,29,31,37,200,PSYCHIC,,Unaware,,
790,Cosmoem,43,29,131,29,131,37,400,PSYCHIC,,Sturdy,,
791,Solgaleo,137,137,107,113,89,97,680,PSYCHIC,STEEL,Full Metal Body,,
792,Lunala,137,113,89,137,107,97,680,PSYCHIC,GHOST,Shadow Shield,,
793,Nihilego,109,53,47,127,131,103,570,ROCK,POISON,Beast Boost,,
794,Buzzwole,107,139,139,53,53,79,570,BUG,FIGHTING,Beast Boost,,
795,Pheromosa,71,137,37,137,37,151,570,BUG,FIGHTING,Beast Boost,,
796,Xurkitree,83,89,71,173,71,83,570,ELECTRIC,,Beast Boost,,
797,Celesteela,97,101,103,107,101,61,570,STEEL,FLYING,Beast Boost,,
798,Kartana,59,181,131,59,31,109,570,GRASS,STEEL,Beast Boost,,
799,Guzzlord,223,101,53,97,53,43,570,DRAGON,DARK,Beast Boost,,
800,Necrozma,97,107,101,127,89,79,600,PSYCHIC,,Prisim Armor,,
801,Magearna,80,95,115,130,115,65,600,STEEL,FAIRY,Soul Heart,,
802,Marshadow,90,125,80,90,90,125,600,FIGHTING,GHOST,Technician,,
803,Poipole,67,73,67,73,67,73,420,POISON,,Beast Boost,,
804,Naganadel,73,73,73,127,73,121,540,POISON,DRAGON,Beast Boost,,
805,Stakataka,61,131,211,53,101,13,570,ROCK,STEEL,Beast Boost,,
806,Blacephalon,53,127,53,151,79,107,570,FIRE,GHOST,Beast Boost,,
807,Zerora,88,112,75,102,80,143,600,ELECTRIC,,Volt Absorb,,
808,Meltan,46,65,65,55,35,34,300,STEEL,,Magnet Pull,,
809,Melmetal,135,143,143,80,65,34,600,STEEL,,Iron Fist,,
810,Grookey,50,65,50,40,40,65,310,GRASS,,Overgrow,,Grassy Surge
811,Thwackey,70,85,70,55,60,80,420,GRASS,,Overgrow,,Grassy Surge
812,Rillaboom,100,125,90,60,70,85,530,GRASS,,Overgrow,,Grassy Surge
813,Scorbunny,50,71,40,40,40,69,310,FIRE,,Blaze,,Libero
814,Raboot,65,86,60,55,60,94,420,FIRE,,Blaze,,Libero
815,Cinderace,80,116,75,65,75,119,530,FIRE,,Blaze,,Libero
816,Sobble,50,40,40,70,40,70,310,WATER,,Torrent,,Sniper
817,Drizzile,65,60,55,95,55,90,420,WATER,,Torrent,,Sniper
818,Inteleon,70,85,65,125,65,120,530,WATER,,Torrent,,Sniper
819,Skwovet,70,55,55,35,35,25,275,NORMAL,,Cheek Pouch,,Gluttony
820,Greedent,120,95,95,55,75,20,460,NORMAL,,Cheek Pouch,,Gluttony
821,Rookidee,38,47,35,33,35,57,245,FLYING,,Keen Eye,Unnerve,Big Pecks
822,Corvisquire,68,67,55,43,55,77,365,FLYING,,Keen Eye,Unnerve,Big Pecks
823,Corviknight,98,87,105,53,85,67,495,FLYING,STEEL,Pressure,Unnerve,Mirror Armor
824,Blipibug,25,20,20,25,45,45,180,BUG,,Swarm,Compound Eyes,Telepathy
825,Dottler,50,35,80,50,90,30,335,BUG,,Swarm,Compound Eyes,Telepathy
826,Orbeetle,60,45,110,80,120,90,505,BUG,PSYCHIC,Swarm,Frisk,Telepathy
827,Nickit,40,28,28,47,52,50,245,DARK,,Run Away,Unburden,Stakeout
828,Theivul,70,58,58,87,92,90,455,DARK,,Run Away,Unburden,Stakeout
829,Gossifleur,40,40,60,40,60,10,250,GRASS,,Cotton Down,Regenerator,Effect Spore
830,Eldegoss,60,50,90,80,120,60,460,GRASS,,Cotton Down,Regenerator,Effect Spore
831,Wooloo,42,40,55,40,45,48,270,NORMAL,,Fluffy,Run Away,Bulletproof
832,Dubwool,72,80,100,60,90,88,490,NORMAL,,Fluffy,Steadfast,Bulletproof
833,Chewtle,50,64,50,38,38,44,284,WATER,,Strong Jaw,Shell Armor,Swift Swim
834,Drednaw,90,115,90,48,68,74,485,WATER,ROCK,Strong Jaw,Shell Armor,Swift Swim
835,Yamper,59,45,50,40,50,26,270,ELECTRIC,,Ball Fetch,,Rattled
836,Boltund,69,90,60,90,60,121,490,ELECTRIC,,Strong Jaw,,Competitive
837,Rolycoly,30,40,50,40,50,30,240,ROCK,,Steam Engine,Heatproof,Flash Fire
838,Carkol,80,60,90,60,70,50,410,ROCK,FIRE,Steam Engine,Flame Body,Flash Fire
839,Coalossal,110,80,120,80,90,30,510,ROCK,FIRE,Steam Engine,Flame Body,Flash Fire
840,Applin,40,40,80,40,40,20,260,GRASS,DRAGON,Ripen,Gluttony,Bulletproof
841,Flapple,70,110,80,95,60,70,485,GRASS,DRAGON,Ripen,Gluttony,Hustle
842,Applerun,110,85,80,100,80,30,485,GRASS,DRAGON,Ripen,Gluttony,Thick Fat
843,Silicobra,52,57,75,35,50,46,315,GROUND,,Sand Spit,Shed Skin,Sand Veil
844,Sandaconda,72,107,125,65,70,71,510,GROUND,,Sand Spit,Shed Skin,Sand Veil
845,Cramorant,70,85,55,85,95,85,475,FLYING,WATER,Gulp Missile,,
846,Arrokuda,41,63,40,40,30,66,280,WATER,,Swift Swim,,Propeller Tail
847,Barraskewda,61,123,60,60,50,136,490,WATER,,Swift Swim,,Propeller Tail
848,Toxel,40,38,35,54,35,40,242,ELECTRIC,POISON,Rattled,Static,Klutz
849,Toxtricity A,75,98,70,114,70,75,502,ELECTRIC,POISON,Punk Rock,Plus,Flame Body
850,Sizzlipede,50,65,45,50,50,45,305,FIRE,BUG,Flash Fire,White Smoke,Flame Body
851,Centiskorch,100,115,65,90,90,65,525,FIRE,BUG,Flash Fire,White Smoke,Flame Body
852,Clobbopus,50,68,60,50,50,32,310,FIGHTING,,Limber,,Technician
853,Grapploct,80,118,90,70,80,42,480,FIGHTING,,Limber,,Technician
854,Sinistea,40,45,45,74,54,50,308,GHOST,,Weak Armor,,Cursed Body
855,Polteageist,60,65,65,134,114,70,508,GHOST,,Weak Armor,,Cursed Body
856,Hatenna,42,30,45,56,53,39,265,PSYCHIC,,Healer,Anticipation,Magic Bounce
857,Hattrem,57,40,65,86,73,49,370,PSYCHIC,,Healer,Anticipation,Magic Bounce
858,Hatterene,57,90,95,136,103,29,510,PSYCHIC,FAIRY,Healer,Anticipation,Magic Bounce
859,Impidimp,45,45,30,55,40,50,265,DARK,FAIRY,Prankster,Frisk,Pickpocket
860,Morgrem,65,60,45,75,55,70,370,DARK,FAIRY,Prankster,Frisk,Pickpocket
861,Grimmsnarl,95,120,65,95,75,60,510,DARK,FAIRY,Prankster,Frisk,Pickpocket
862,Obstagoon,93,90,101,60,81,95,520,DARK,NORMAL,Reckless,Guts,Defiant
863,Perrserker,70,110,100,50,60,50,440,STEEL,,Battle Armor,Tough Claws,Steely Spirit
864,Cursola,60,95,50,145,130,30,510,GHOST,,Weak Armor,,Perish Body
865,Sirfetch'd,62,135,95,68,82,65,507,FIGHTING,,Steadfast,,Scrappy
866,Mr. Rime,80,85,75,110,100,70,520,ICE,FAIRY,Tangled Feet,Screen Cleaner,Ice Body
867,Runerigus,58,95,145,50,105,30,483,GROUND,GHOST,Wandering Spirit,,
868,Milcrey,45,40,40,50,61,34,270,FAIRY,,Sweet Veil,,Aroma Veil
869,Alcremie,65,60,75,110,121,64,495,FAIRY,,Sweet Veil,,Aroma Veil
870,Falinks,65,100,100,70,60,75,470,FIGHTING,,Battle Armor,,Defiant
871,Pinurchin,48,101,95,91,85,15,435,ELECTRIC,,Lightning Rod,,Electric Surge
872,Snom,30,25,35,45,30,20,185,ICE,BUG,Shield Dust,,Ice Scales
873,Frosmoth,70,65,60,125,90,65,475,ICE,BUG,Shield Dust,,Ice Scales
874,Stonjourner,100,125,135,20,20,70,470,ROCK,,Power Spot,,
875,Eiscue,75,80,110,65,90,50,470,ICE,,Ice Face,,
876,M Indeedee,60,65,55,105,95,95,475,PSYCHIC,,Inner Focus,Synchronize,Psychic Surge
877,Morpeko,58,95,58,70,58,97,436,ELECTRIC,DARK,Hunger Switch,,
878,Cufant,72,80,49,40,49,40,330,STEEL,,Sheer Force,,Heavy Metal
879,Copperajah,122,130,69,80,69,30,500,STEEL,,Sheer Force,,Heavy Metal
880,Dracozolt,90,100,90,80,70,75,505,ELECTRIC,DRAGON,Volt Absorb,Hustle,Sand Rush
881,Arctozolt,90,100,90,90,80,55,505,ELECTRIC,ICE,Volt Absorb,Static,Slush Rush
882,Dracovish,90,90,100,70,80,75,505,WATER,DRAGON,Water Absorb,Strong Jaw,Sand Rush
883,Arctovish,90,90,100,80,90,55,505,WATER,ICE,Water Absorb,Ice Body,Slush Rush
884,Duraludon,70,95,115,120,50,85,535,STEEL,DRAGON,Light Metal,Heavy Metal,Stalwart
885,Dreepy,28,60,30,40,30,82,270,DRAGON,GHOST,Clear Body,Infiltrator,Cursed Body
886,Drakloak,68,80,50,60,50,102,410,DRAGON,GHOST,Clear Body,Infiltrator,Cursed Body
887,Dragapult,88,120,75,100,75,142,600,DRAGON,GHOST,Clear Body,Infiltrator,Cursed Body
888,Zacian (H),92,120,115,80,115,138,660,FAIRY,,Intrepid Sword,,
889,Zamazenta (H),92,120,115,80,115,138,660,FIGHTING,,Dauntless Shield,,
890,Eternatus,140,85,95,145,95,130,690,POISON,DRAGON,Pressure,,
891,Kubfu,60,90,60,53,50,72,385,FIGHTING,,Inner Focus,,
892,Urshifu SS,100,130,100,63,60,97,550,FIGHTING,DARK,Unseen Fist,,
893,Zarude,105,120,105,70,95,105,600,GRASS,,Leaf Guard,,
894,Regieleki,80,100,50,100,50,200,580,ELECTRIC,,Transistor,,
895,Regidrago,200,100,50,100,50,80,580,DRAGON,,Dragon's Maw,,
896,Glastrier,100,145,130,65,110,30,580,ICE,,Chilling Neigh,,
897,Spectrier,100,65,60,145,80,130,580,GHOST,,Grim Neigh,,
898,Calyrex,100,80,80,80,80,80,500,GRASS,PSYCHIC,Unnerve,,
899,Wyrdeer,103,105,72,105,75,65,525,NORMAL,PSYCHIC,Intimidate,Frisk,Sap Sipper
900,Kleavor,70,130,95,45,75,85,500,BUG,ROCK,Swarm,Sheer Force,Sharpness
901,Ursaluna,130,140,105,45,80,50,550,NORMAL,GROUND,Guts,Bulletproof,Unnerve
902,MBasculegion,120,112,65,80,75,78,530,WATER,GHOST,Rattled,Adaptability,Mold Breaker
903,Sneasler,80,130,60,40,80,120,510,POISON,FIGHTING,Pressure,,Poison Touch
904,Overqwil,85,115,95,65,65,85,510,POISON,DARK,Poison Point,Swift Swim,Intimidate
905,Enamorus,74,115,70,135,80,106,580,FAIRY,FLYING,Healer,,Contrary
906,Sprigatito,40,61,54,45,45,65,310,GRASS,,Overgrow,,Protean
907,Floragato,61,80,63,60,63,83,410,GRASS,,Overgrow,,Protean
908,Meowscarada,76,110,70,81,70,123,530,GRASS,DARK,Overgrow,,Protean
909,Fuecoco,67,45,59,63,43,36,313,FIRE,,Blaze,,Unaware
910,Crocalor,81,55,78,90,58,49,411,FIRE,,Blaze,,Unaware
911,Skeledirge,104,75,100,100,76,66,521,FIRE,GHOST,Blaze,,Unaware
912,Quaxly,55,65,45,50,45,50,310,WATER,,Torrent,,Moxie
913,Quaxwell,70,85,65,65,60,65,410,WATER,,Torrent,,Moxie
914,Quaquaval,85,120,80,85,75,85,530,WATER,FIGHTING,Torrent,,Moxie
915,Lechonk,54,45,40,35,45,35,254,NORMAL,,Aroma Veil,Gluttony,Thick Fat
916,Oinkologne-M,110,100,75,59,80,65,489,NORMAL,,Lingering Aroma,Gluttony,Thick Fat
917,Tarountula,35,41,45,29,40,20,210,BUG,,Insomnia,,Stakeout
918,Spidops,60,79,92,52,86,35,404,BUG,,Insomnia,,Stakeout
919,Nymble,33,46,40,21,25,45,210,BUG,,Swarm,,Tinted Lens
920,Lokix,71,102,78,52,55,92,450,BUG,DARK,Swarm,,Tinted Lens
921,Pawmi,45,50,20,40,25,60,240,ELECTRIC,,Static,Natural Cure,Iron Fist
922,Pawmo,60,75,40,50,40,85,350,ELECTRIC,FIGHTING,Volt Absorb,Natural Cure,Iron Fist
923,Pawmot,70,115,70,70,60,105,490,ELECTRIC,FIGHTING,Volt Absorb,Natural Cure,Iron Fist
924,Tandemaus,50,50,45,40,45,75,305,NORMAL,,Run Away,Pickup,Own Tempo
925,Maushold,74,75,70,65,75,111,470,NORMAL,,Friend Huard,Cheek Pouch,Technician
926,Fidough,37,55,70,30,55,65,312,FAIRY,,Own Tempo,,Klutz
927,Dashbun,57,80,115,50,80,95,477,FAIRY,,Well-Baked Body,,Aroma Veil
928,Smoliv,41,35,45,58,51,30,260,GRASS,NORMAL,Early Bird,,Harvest
929,Dolliv,52,53,60,78,78,33,354,GRASS,NORMAL,Early Bird,,Harvest
390,Arboliva,78,69,90,125,109,39,510,GRASS,NORMAL,Seed Sower,,Harvest
931,Squawkabilly,82,96,51,45,51,92,417,NORMAL,FLYING,Intimidate,Hustle,Sheer Force
932,Nacli,55,55,75,35,35,28,283,ROCK,,Purifying Salt,Sturdy,Clear Body
933,Naclstack,60,60,100,35,65,35,355,ROCK,,Purifying Salt,Sturdy,Clear Body
934,Gargancl,100,100,130,45,90,35,500,ROCK,,Purifying Salt,Sturdy,Clear Body
935,Charcadet,40,50,40,50,40,35,255,FIRE,,Flash Fire,,Flame Body
936,Armarouge,85,60,100,125,80,75,525,FIRE,PSYCHIC,Flash Fire,,Flame Body
937,Ceruledge,75,125,80,60,100,85,525,FIRE,GHOST,Flash Fire,,Flame Body
938,Tadbulb,61,31,41,59,35,45,272,ELECTRIC,,Own Tempo,Static,Damp
939,Bellibolt,109,64,91,103,83,45,495,ELECTRIC,,Electromorphosis,Static,Damp
940,Wattrel,40,40,35,55,40,70,280,FLYING,ELECTRIC,Wind Power,Volt Absorb,Competitive
941,Kilowattrel,70,70,60,105,60,125,490,FLYING,ELECTRIC,Wind Power,Volt Absorb,Competitive
942,Maschiff,60,78,60,40,51,51,340,DARK,,Intimidate,Run Away,Stakeout
943,Mabosstiff,80,120,90,60,70,85,505,DARK,,Intimidate,Guard Dog,Stakeout
944,Shroodle,40,65,35,40,35,75,290,POISON,NORMAL,Unburden,Pickpocket,Prankster
945,Grafaiai,63,95,65,80,72,110,485,POISON,NORMAL,Unburden,Pickpocket,Prankster
946,Bramblin,40,65,30,45,35,60,275,GRASS,GHOST,Wind Rider,,Infiltrator
947,Brambleghast,55,115,70,80,70,90,480,GRASS,GHOST,Wind Rider,,Infiltrator
948,Toedscool,40,40,35,50,100,70,335,GRASS,GROUND,Mycelium Might,,
949,Toedscruel,80,70,65,80,120,100,515,GRASS,GROUND,Mycelium Might,,
950,Klawf,70,100,115,35,35,25,380,ROCK,,Anger Shell,Shell Armor,Regenerator
951,Capsakid,50,62,40,62,40,50,304,GRASS,FIRE,Chlorophyll,Insomnia,Klutz
952,Scovillain,65,108,65,108,65,75,486,GRASS,FIRE,Chlorophyll,Insomnia,Moody
953,Rellor,41,50,60,31,58,30,270,BUG,,Compound Eyes,,Shed Skin
954,Rabsca,75,50,85,115,100,45,470,BUG,PSYCHIC,Synchronize,,Telepathy
955,Flittle,30,35,30,55,30,75,255,PSYCHIC,,Anticipation,Frisk,Speed Boost
956,Espathra,75,60,60,101,60,105,461,PSYCHIC,,Opportunist,Frisk,Speed Boost
957,Tinkatink,50,45,45,35,64,58,297,FAIRY,STEEL,Mold Breaker,Own Tempo,Pickpocket
958,Tinkatuff,65,55,55,45,82,78,380,FAIRY,STEEL,Mold Breaker,Own Tempo,Pickpocket
959,Tinkaton,85,75,77,70,105,94,506,FAIRY,STEEL,Mold Breaker,Own Tempo,Pickpocket
960,Wiglett,10,55,25,35,25,95,245,WATER,,Gooey,Rattled,Sand Veil
961,Wugtrio,35,100,50,50,70,120,425,WATER,,Gooey,Rattled,Sand Veil
962,Bombirdier,70,103,85,60,85,82,485,FLYING,DARK,Big Pecks,Keen Eye,Rocky Payload
963,Finizen,70,45,40,45,40,75,315,WATER,,Water Veil,,
964,Palafin,100,70,72,53,62,100,457,WATER,,Zero to Hero,,
965,Varoom,45,70,63,30,45,47,300,POISON,STEEL,Overcoat,,Slow Start
966,Revaroom,80,119,90,54,67,90,500,POISON,STEEL,Overcoat,,Filter
967,Cyclizar,70,95,65,85,65,121,501,DRAGON,NORMAL,Shed Skin,,Regenerator
968,Orthworm,70,85,145,60,55,65,480,STEEL,,Earth Eater,,Sand Veil
969,Glimmet,48,35,42,105,60,60,350,POISON,ROCK,Toxic Debris,,Corrosion
970,Glimmora,83,55,90,130,81,86,525,POISON,ROCK,Toxic Debris,,Corrosion
971,Greavard,50,61,60,30,55,34,290,GHOST,,Pickup,,Fluffy
972,Houndstone,72,101,100,50,97,68,488,GHOST,,Sand Rush,,Fluffy
973,Flamigo,82,115,74,75,64,90,500,FLYING,FIGHTING,Scrappy,Tangled Feet,Costar
974,Cetoddle,108,68,45,30,40,43,334,ICE,,Thick Fat,Snow Cloak,Sheer Force
975,Cetitan,170,113,65,45,55,73,521,ICE,,Thick Fat,Slush Rush,Sheer Force
976,Veluza,90,102,73,78,65,70,478,WATER,PSYCHIC,Mold Breaker,,Sharpness
977,Dondozo,150,100,115,65,65,35,530,WATER,,Unaware,Oblivious,Water Veil
978,Tatsugiri,68,50,60,120,95,82,475,DRAGON,WATER,Commander,,Storm Drain
979,Annihilape,110,115,80,50,90,90,535,FIGHTING,GHOST,Vital Spirit,Inner Focus,Defiant
980,Clodsire,130,75,60,45,100,20,430,POISON,GROUND,Poison Point,Water Absorb,Unaware
981,Farigaraf,120,90,70,110,70,60,520,NORMAL,PSYCHIC,Cud Chew,Armor Tail,Sap Sipper
982,Dudunsparce,125,100,80,85,75,55,520,NORMAL,,Serene Grace,Run Away,Rattled
983,Kingambit,100,135,120,60,85,50,550,DARK,STEEL,Defiant,Supreme Overlord,Pressure
984,Great Tusk,115,131,131,53,53,87,570,GROUND,FIGHTING,Protosynthesis,,
985,Scream Tail,115,65,99,65,115,111,570,FAIRY,PSYCHIC,Protosynthesis,,
986,Brute Bonnet,111,127,99,79,99,55,570,GRASS,DARK,Protosynthesis,,
987,Flutter Mane,55,55,55,135,135,135,570,GHOST,FAIRY,Protosynthesis,,
988,Slither Wing,85,135,79,85,105,81,570,BUG,FIGHTING,Protosynthesis,,
989,Sandy Shocks,85,81,97,121,85,101,570,ELECTRIC,GROUND,Protosynthesis,,
990,Iron Treads,90,112,120,72,70,106,570,GROUND,STEEL,Quark Drive,,
991,Iron Bundle,56,80,114,124,60,136,570,ICE,WATER,Quark Drive,,
992,Iron Hands,154,140,108,50,68,50,570,FIGHTING,ELECTRIC,Quark Drive,,
993,Iron Jugulis,94,80,86,122,80,108,570,DARK,FLYING,Quark Drive,,
994,Iron Moth,80,70,60,140,110,110,570,FIRE,POISON,Quark Drive,,
995,Iron Thorns,100,134,110,70,84,72,570,ROCK,ELECTRIC,Quark Drive,,
996,Frigibax,65,75,45,35,45,55,320,DRAGON,ICE,Thermal Exchange,,Ice Body
997,Arctibax,90,95,66,45,65,62,423,DRAGON,ICE,Thermal Exchange,,Ice Body
998,Baxcalibur,115,145,92,75,86,87,600,DRAGON,ICE,Thermal Exchange,,Ice Body
999,Gimmighoul (Chest),45,30,70,75,70,10,300,GHOST,,Rattled,,
"1,000",Gholdengo,87,60,95,133,91,84,550,GHOST,STEEL,Good as Gold,,
"1,001",Wo-Chien,85,85,100,95,165,70,600,DARK,GRASS,Tablets of Ruin,,
"1,002",Chien-Pao,80,120,80,90,65,135,570,DARK,ICE,Sword of Ruin,,
"1,003",Ting-Lu,155,110,125,55,80,45,570,DARK,GROUND,Vessle of Ruin,,
"1,004",Chi-Yu,55,80,80,135,120,100,570,DARK,FIRE,Beads of Ruin,,
"1,005",Roaring Moon,105,139,71,55,101,119,590,DRAGON,DARK,Protosynthesis,,
"1,006",Iron Valiant,74,130,90,120,60,116,590,FIGHTING,FAIRY,Quark Drive,,
"1,007",Koraidon,100,135,115,85,100,135,670,FIGHTING,DRAGON,Orichalcum Pulse,,
"1,008",Miraidon,100,85,100,135,115,135,670,ELECTRIC,DRAGON,Hadron Engine,,
"1,009",Walking Wake,99,83,91,125,83,109,590,WATER,DRAGON,Protosynthesis,,
"1,010",Iron Leaves,90,130,88,70,108,104,590,GRASS,PSYCHIC,Quark Drive,,
25,Partner Pikachu,45,80,50,75,60,120,430,ELECTRIC,,None,,
133,Partner Eevee,65,75,70,65,85,75,435,NORMAL,,None,,
351,Sun Castform,70,70,70,70,70,70,420,FIRE,,Forecast,,
351,Rain Castform,70,70,70,70,70,70,420,WATER,,Forecast,,
351,Hail Castform,70,70,70,70,70,70,420,ICE,,Forecast,,
382,Primal Kyogre,100,150,90,180,160,90,770,WATER,,Primordial Sea,,
383,Primal Groudon,100,180,160,150,90,90,770,FIRE,GROUND,Desolate Land,,
386.1,Deoxys (A),50,180,20,180,20,150,600,PSYCHIC,,Pressure,,
386.2,Deoxys (D),50,70,160,70,160,90,600,PSYCHIC,,Pressure,,
386.3,Deoxys (S),50,95,90,95,90,180,600,PSYCHIC,,Pressue,,
413.1,Wormadam (S),60,79,105,59,85,36,424,BUG,GROUND,Anticipation,,Overcoat
413.2,Wormadam (T),60,69,95,69,95,36,424,BUG,STEEL,Anticipation,,Overcoat
479.1,Rotom (Heat),50,65,107,105,107,86,520,ELECTRIC,FIRE,Levitate,,
479.2,Rotom (Wash),50,65,107,105,107,86,520,ELECTRIC,WATER,Levitate,,
479.3,Rotom (Frost),50,65,107,105,107,86,520,ELECTRIC,ICE,Levitate,,
479.4,Rotom (Spin),50,65,107,105,107,86,520,ELECTRIC,FLYING,Levitate,,
479.5,Rotom (Cut),50,65,107,105,107,86,520,ELECTRIC,GRASS,Levitate,,
483,Origin Dialga,100,100,120,150,120,90,680,STEEL,DRAGON,None,,
484,Origin Palkia,90,100,100,150,120,120,680,WATER,DRAGON,None,,
487.1,Origin Giratina,150,120,100,120,100,90,680,GHOST,DRAGON,Levitate,,
492.1,Shaymin (S),100,103,75,120,75,127,600,GRASS,FLYING,Serene Grace,,
550,Blue Basculin,70,92,65,80,55,98,460,WATER,,Rock Head,Adaptability,Mold Breaker
555.1,Darmanitan (Z),105,30,105,140,105,55,540,FIRE,PSYCHIC,-,,Zen Mode
641,Therian Tornadus,79,100,80,110,90,121,580,FLYING,,Regenerator,,
642,Therian Thundurus,79,105,70,145,80,101,580,ELECTRIC,FLYING,Volt Absorb,,
645,Therian Landorus,89,145,90,105,80,91,600,GROUND,FLYING,Intimidate,,
646,Black Kyurem,125,170,100,120,90,95,700,DRAGON,ICE,Turboblaze,,
646,White Kyurem,125,120,90,170,100,95,700,DRAGON,ICE,Teravolt,,
648.1,Meloetta (P),100,128,90,77,77,128,600,NORMAL,FIGHTING,Serene Grace,,
658,BB Greninja,72,95,67,103,71,122,530,WATER,DARK,Battle Bond,,
658,Ash Greninja,72,145,67,153,71,132,640,WATER,DARK,Battle Bond,,
670,Eternal Floette,74,65,67,125,128,92,551,FAIRY,,Flower Veil,,
678,F Meowstic,74,48,76,83,81,104,466,PSYCHIC,,Keen Eye,Infiltrator,Competitive
681,B Aegislash,60,140,50,140,50,60,500,GHOST,STEEL,Strance Change,,
710,A Pumpkaboo,49,66,70,44,55,51,335,GHOST,GRASS,Pickup,Frisk,Insomnia
710,L Pumpkaboo,54,66,70,44,55,46,335,GHOST,GRASS,Pickup,Frisk,Insomnia
710,SS Pumpkaboo,59,66,70,44,55,41,335,GHOST,GRASS,Pickup,Frisk,Insomnia
711,A Gourgeist,65,90,122,58,75,84,494,GHOST,GRASS,Pickup,Frisk,Insomnia
711,L Gourgeist,75,95,122,58,75,69,494,GHOST,GRASS,Pickup,Frisk,Insomnia
711,SS Gourgeist,85,100,122,58,75,54,494,GHOST,GRASS,Pickup,Frisk,Insomnia
718,Zygarde 10%,54,100,71,61,85,115,486,GROUND,DRAGON,Aura Break,P. Construct,
718,Zygarde 100%,216,100,121,91,95,85,708,GROUND,DRAGON,Power Construct,,
720,Hoopa (U),80,160,60,170,130,80,680,PSYCHIC,DARK,Magician,,
741,Baile Oricorio,75,70,70,98,70,93,476,FIRE,FLYING,Dancer,,
741,Pa'u Oricorio,75,70,70,98,70,93,476,PSYCHIC,FLYING,Dancer,,
741,Sen. Oricorio,75,70,70,98,70,93,476,GHOST,FLYING,Dancer,,
744,Dusk Rockruff,45,65,40,30,40,60,280,ROCK,,Own Tempo,,
745,Midnight Lycanroc,85,115,75,55,75,82,487,ROCK,,Keen Eye,Vital Spirit,No Guard
745,Dusk Lycanroc,75,117,65,55,65,110,487,ROCK,,Tough Claws,,
746,S Wishiwashi,45,140,130,140,135,30,620,WATER,,Schooling,,
774,Minior Core,60,100,60,100,60,120,500,ROCK,FLYING,Shields Down,,
800,DM Necrozma,97,157,127,113,109,77,680,PSYCHIC,STEEL,Prism Armor,,
800,DW Necrozma,97,113,109,157,127,77,680,PSYCHIC,GHOST,Prism Armor,,
800,U Necrozma,97,167,97,167,97,129,754,PSYCHIC,DRAGON,Neuroforce,,
849,Toxtricity Low,75,98,70,114,70,75,502,POISON,ELECTRIC,Punk Rock,Minus,Technician
875,Eiscue No Ice,75,80,70,65,50,130,470,ICE,,Ice Face,,
876,F Indeedee,70,55,65,95,105,85,475,PSYCHIC,NORMAL,Own Tempo,Synchronize,Psychic Surge
888,Zacian Crowned,92,150,115,80,115,148,700,FAIRY,STEEL,Intrepid Sword,,
889,Zamazenta Crowned,92,120,140,80,140,128,700,FIGHTING,STEEL,Dauntless Shield,,
890,Eternamax,255,115,250,125,250,130,1125,POISON,DRAGON,Pressure,,
892,RS Urshifu,100,130,100,63,60,97,550,WATER,FIGHTING,Unseen Fist,,
898,SR Calyrex,100,85,80,165,100,150,680,PSYCHIC,GHOST,As One,,
898,IR Calyrex,100,165,150,85,130,50,680,PSYCHIC,ICE,As One,,
902,FBasculegion,120,92,65,100,75,78,530,WATER,GHOST,Rattled,Adaptability,Mold Breaker
905,T Enamorous,74,115,110,135,100,46,580,FAIRY,FLYING,Overcoat,,
916,Oinkologne-F,115,90,70,59,90,65,489,NORMAL,,Aroma Veil,Gluttony,Thick Fat
934,Palafin - Hero,100,160,97,106,87,100,650,WATER,,Zero to Hero,,
977,Gimmighoul - Roaming,45,30,25,75,45,80,300,GHOST,,Run Away,,
19,Alolan Rattata,30,56,35,25,35,72,253,DARK,NORMAL,Gluttony,Hustle,Thick Fat
20,Alolan Raticate,75,71,70,40,80,77,413,DARK,NORMAL,Gluttony,Hustle,Thick Fat
26,Alolan Raichu,60,85,50,95,85,110,485,ELECTRIC,PSYCHIC,Surge Surfer,,
27,Alolan Sandshrew,50,75,90,10,35,40,300,ICE,STEEL,Snow Cloak,,Slush Rush
28,Alolan Sandslash,75,100,120,25,65,65,450,ICE,STEEL,Snow Cloak,,Slush Rush
37,Alolan Vulpix,38,41,40,50,65,65,299,ICE,FAIRY,Snow Cloak,,Snow Warning
38,Alolan Ninetales,73,67,75,81,100,109,505,ICE,FAIRY,Snow Cloak,,Snow Warning
50,Alolan Diglett,10,55,30,35,45,90,265,GROUND,STEEL,Sand Veil,Tangling Hair,Sand Force
51,Alolan Dugtrio,35,100,60,50,70,110,425,GROUND,STEEL,Sand Veil,Tangling Hair,Sand Force
52,Alolan Meowth,40,35,35,50,40,90,290,DARK,,Pickup,Technician,Rattled
52,Galarian Meowth,50,65,55,40,40,40,290,STEEL,,Pickup,Tough Claws,Unnerve
53,Alolan Persian,65,60,60,75,65,115,440,DARK,,Fur Coat,Technician,Rattled
58,Hisuian Growlithe,60,75,45,65,50,55,350,FIRE,ROCK,Intimidate,Flash Fire,Justified
59,Hisuian Arcanine,95,115,80,95,80,90,555,FIRE,ROCK,Intimidate,Flash Fire,Justified
74,Alolan Geodude,40,80,100,30,30,20,300,ROCK,ELECTRIC,Magnet Pull,Sturdy,Galvanize
75,Alolan Graveler,55,95,115,45,45,35,390,ROCK,ELECTRIC,Magnet Pull,Sturdy,Galvanize
76,Alolan Golem,80,120,130,55,65,45,495,ROCK,ELECTRIC,Magnet Pull,Sturdy,Galvanize
77,Galarian Ponyta,50,85,55,65,65,90,410,PSYCHIC,FAIRY,Run Away,Pastel Veil,Anticipation
78,Galarian Rapidash,65,100,70,80,80,105,500,PSYCHIC,FAIRY,Run Away,Pastel Veil,Anticipation
79,G. Slowpoke,90,65,65,40,40,15,315,PSYCHIC,,Gluttony,Own Tempo,Regenerator
80,G. Slowbro,95,100,95,100,70,30,490,POISON,PSYCHIC,Quick Draw,Own Tempo,Regenerator
83,G. Farfetch'd,52,95,55,58,62,55,377,FIGHTING,,Steadfast,,Scrappy
88,Alolan Grimer,80,80,50,40,50,25,325,POISON,DARK,Poison Touch,Gluttony,Power of Alchemy
89,Alolan Muk,105,105,75,65,100,50,500,POISON,DARK,Poison Touch,Gluttony,Power of Alchemy
100,Hisuian Voltorb,40,30,50,55,55,100,330,ELECTRIC,GRASS,Soundproof,Static,Aftermath
101,H. Electrode,60,50,70,80,80,150,490,ELECTRIC,GRASS,Soundproof,Static,Aftermath
103,A. Exeggutor,95,105,85,125,75,45,530,GRASS,,Frisk,,Harvest
105,A. Marowak,60,80,110,50,80,45,425,GHOST,FIRE,Cursed Body,Lightning Rod,Rock Head
110,G. Weezing,65,90,120,85,70,60,490,POISON,FAIRY,Levitate,Neutralizing Gas,Misty Surge
122,G. Mr. Mime,50,65,65,90,90,100,460,ICE,FAIRY,Vital Spirit,Screen Cleaner,Ice Body
128,P. Tauros,75,110,105,30,70,100,490,FIGHTING,,Intimidate,Anger Point,Cud Chew
128,P. Tauros F,75,110,105,30,70,100,490,FIGHTING,FIRE,Intimidate,Anger Point,Cud Chew
128,P. Tauros W,75,110,105,30,70,100,490,FIGHTING,WATER,Intimidate,Anger Point,Cud Chew
144,G. Articuno,90,85,85,125,100,95,580,PSYCHIC,FLYING,Competitive,,
145,G. Zapdos,90,125,90,85,90,100,580,FIGHTING,FLYING,Defiant,,
146,G. Moltres,90,85,90,100,125,90,580,DARK,FLYING,Berserk,,
157,H. Typhlosion,73,84,78,119,85,95,534,GHOST,FIRE,Blaze,,Flash Fire
194,P. Wooper,55,45,45,25,25,15,,POISON,GROUND,Poison Point,Water Absorb,Unaware
199,G. Slowking,95,65,80,110,110,30,490,POISON,PSYCHIC,Curious Medicine,Own Tempo,Regenerator
211,H. Qwilfish,65,95,85,55,55,85,440,POISON,DARK,Poison Point,Swift Swim,Intimidate
215,H. Sneasel,55,95,55,35,75,115,430,POISON,FIGHTING,Inner Focus,Keen Eye,Poison Touch
263,G. Zigzagoon,38,30,41,30,41,60,240,DARK,NORMAL,Pickup,Gluttony,Quick Feet
264,G. Linoone,78,70,61,50,61,100,420,DARK,NORMAL,Pickup,Gluttony,Quick Feet
503,H. Samurott,90,108,80,100,65,85,528,WATER,DARK,Torrent,,Shell Armor
549,H. Lilligant,70,105,75,50,75,105,480,GRASS,FIGHTING,Chlorophyll,Hustle,Leaf Guard
550,White Basculin,70,92,65,80,55,98,460,WATER,,Rattled,Adaptability,Mold Breaker
554,G. Darumaka,70,90,45,15,45,50,315,ICE,,Hustle,,Inner Focus
555,G. Darmanitan,105,140,55,30,55,95,480,ICE,,Gorilla Tactics,,Zen Mode
555.1,G. Darmanitan (Z),105,160,55,30,55,135,540,ICE,FIRE,N/A,,Zen Mode
562,G. Yamask,38,55,85,30,65,30,303,GROUND,GHOST,Wandering Spirit,,
570,H. Zorua,35,60,40,85,40,70,330,NORMAL,GHOST,Illusion,,
571,H. Zoroark,55,100,60,125,60,110,510,NORMAL,GHOST,Illusion,,
618,G. Stunfisk,109,81,99,66,84,32,471,GROUND,STEEL,Mimicry,,
628,H. Braviary,110,83,70,112,70,65,510,PSYCHIC,FLYING,Keen Eye,Sheer Force,Defiant
704,H. Sliggoo,58,75,83,83,113,40,452,DRAGON,STEEL,Sap Sipper,Overcoat,Gooey
704,H. Goodra,80,100,100,110,150,60,600,DRAGON,STEEL,Sap Sipper,Overcoat,Gooey
713,H. Avalugg,95,127,184,34,36,38,514,ICE,ROCK,Strong Jaw,Sturdy,Ice Body
724,H. Decidueye,88,112,80,95,95,60,530,GRASS,FIGHTING,Overgrow,,Long Reach
